param_x_name,param_x_value,param_y_name,param_y_value,seed,SIG_A_score,SIG_B_score,SIG_C_score,SIG_D_score,SIG_E_score,SIG_A_protected_pass,SIG_B_protected_pass,SIG_C_protected_pass,SIG_D_protected_pass,SIG_E_protected_pass,joint_protected_pass,first_failed_signature,failure_mode
structural_lr,0.0,replay_gain,0.0,42,0.0,-0.017974996819294375,0.14801320585098252,19.21182983448674,0.0,False,False,True,True,False,False,SIG_A,SIG_A;SIG_B;SIG_E
structural_lr,0.0,replay_gain,0.1,42,0.0,-0.017974996819294375,0.14801320585098252,19.21182983448674,0.0,False,False,True,True,False,False,SIG_A,SIG_A;SIG_B;SIG_E
structural_lr,0.0,replay_gain,0.25,42,0.0,-0.017974996819294375,0.14801320585098252,19.21182983448674,0.0,False,False,True,True,False,False,SIG_A,SIG_A;SIG_B;SIG_E
structural_lr,0.0,replay_gain,0.4,42,0.0,-0.017974996819294375,0.14801320585098252,19.21182983448674,0.0,False,False,True,True,False,False,SIG_A,SIG_A;SIG_B;SIG_E
structural_lr,0.0,replay_gain,0.6,42,0.0,-0.017974996819294375,0.14801320585098252,19.21182983448674,0.0,False,False,True,True,False,False,SIG_A,SIG_A;SIG_B;SIG_E
structural_lr,0.0,replay_gain,0.8,42,0.0,-0.017974996819294375,0.14801320585098252,19.21182983448674,0.0,False,False,True,True,False,False,SIG_A,SIG_A;SIG_B;SIG_E
structural_lr,0.0,replay_gain,1.0,42,0.0,-0.017974996819294375,0.14801320585098252,19.21182983448674,0.0,False,False,True,True,False,False,SIG_A,SIG_A;SIG_B;SIG_E
structural_lr,0.0,replay_gain,1.25,42,0.0,-0.017974996819294375,0.14801320585098252,19.21182983448674,0.0,False,False,True,True,False,False,SIG_A,SIG_A;SIG_B;SIG_E
structural_lr,0.0,replay_gain,1.5,42,0.0,-0.017974996819294375,0.14801320585098252,19.21182983448674,0.0,False,False,True,True,False,False,SIG_A,SIG_A;SIG_B;SIG_E
structural_lr,0.03,replay_gain,0.0,42,0.0,-0.017974996819294375,0.14801320585098252,19.21182983448674,0.0,False,False,True,True,False,False,SIG_A,SIG_A;SIG_B;SIG_E
structural_lr,0.03,replay_gain,0.1,42,0.017638898642435452,0.0023682003969719423,0.14860584427510415,19.425211534109977,0.8670999043248762,False,False,True,True,True,False,SIG_A,SIG_A;SIG_B
structural_lr,0.03,replay_gain,0.25,42,0.03419735045510891,0.025396294997200863,0.14939507032528285,19.643945653440767,0.8631848454147797,True,False,True,True,True,False,SIG_B,SIG_B
structural_lr,0.03,replay_gain,0.4,42,0.034902290086326615,0.03420536233079918,0.14993411801193565,19.70204740006789,0.8375980907691339,True,False,True,True,True,False,SIG_B,SIG_B
structural_lr,0.03,replay_gain,0.6,42,0.035131818248384405,0.03946555612614383,0.15024409520228083,19.735602678450647,0.8227918218242548,True,False,True,True,True,False,SIG_B,SIG_B
structural_lr,0.03,replay_gain,0.8,42,0.03421110434379859,0.04146365328200702,0.15040012725652416,19.744151810171854,0.8175876470677101,True,False,True,True,True,False,SIG_B,SIG_B
structural_lr,0.03,replay_gain,1.0,42,0.03436998932010049,0.04326303516272184,0.15049674561381157,19.755865996996874,0.8126132663238579,True,False,True,True,True,False,SIG_B,SIG_B
structural_lr,0.03,replay_gain,1.25,42,0.034856776005266044,0.044803934859503014,0.15056399974478282,19.767297376910847,0.8082697109160778,True,False,True,True,True,False,SIG_B,SIG_B
structural_lr,0.03,replay_gain,1.5,42,0.033966824480028635,0.044924078315410065,0.15060674812842262,19.764406131653356,0.8082342360991587,True,False,True,True,True,False,SIG_B,SIG_B
structural_lr,0.06,replay_gain,0.0,42,0.0,-0.017974996819294375,0.14801320585098252,19.21182983448674,0.0,False,False,True,True,False,False,SIG_A,SIG_A;SIG_B;SIG_E
structural_lr,0.06,replay_gain,0.1,42,0.034259220696075454,0.021796703666976835,0.14914435696008693,19.621483860543655,1.4602208966472752,True,False,True,True,True,False,SIG_B,SIG_B
structural_lr,0.06,replay_gain,0.25,42,0.06412467421301027,0.06459989969655383,0.15048757989151654,20.000811499174077,1.3470756189275743,True,True,True,True,True,True,none,none
structural_lr,0.06,replay_gain,0.4,42,0.06463339027091464,0.08037617838313399,0.1513023879767072,20.09183525587984,1.2795537487645032,True,True,True,True,True,True,none,none
structural_lr,0.06,replay_gain,0.6,42,0.06466201576549269,0.08962728616938598,0.15173451847999617,20.142586748707675,1.2419107695223561,True,True,True,True,True,True,none,none
structural_lr,0.06,replay_gain,0.8,42,0.06289302610275638,0.0931063803179295,0.15194231111584905,20.15470611960233,1.2289554004674987,True,True,True,True,True,True,none,none
structural_lr,0.06,replay_gain,1.0,42,0.06308193466231538,0.09622848148127783,0.15206781096015054,20.17208038776707,1.2166210329166796,True,True,True,True,True,True,none,none
structural_lr,0.06,replay_gain,1.25,42,0.06387668748455289,0.0988984873375307,0.15215371573028194,20.189169298582723,1.2058902891421142,True,True,True,True,True,True,none,none
structural_lr,0.06,replay_gain,1.5,42,0.062314864415358384,0.0991093334518719,0.1522076837721066,20.1844805119164,1.2058134500537119,True,True,True,True,True,True,none,none
structural_lr,0.09,replay_gain,0.0,42,0.0,-0.017974996819294375,0.14801320585098252,19.21182983448674,0.0,False,False,True,True,False,False,SIG_A,SIG_A;SIG_B;SIG_E
structural_lr,0.09,replay_gain,0.1,42,0.049906541853038555,0.040347183061074654,0.14963428016758545,19.801101596761843,1.8571811643298968,True,False,True,True,True,False,SIG_B,SIG_B
structural_lr,0.09,replay_gain,0.25,42,0.09020099183172581,0.09999467145746288,0.1513581904594436,20.291009879082512,1.6103139726598847,True,True,True,True,True,True,none,none
structural_lr,0.09,replay_gain,0.4,42,0.0898119568276472,0.12115633613170884,0.1522939900061911,20.395335688831207,1.5065907348861618,True,True,True,True,True,True,none,none
structural_lr,0.09,replay_gain,0.6,42,0.08932514293326199,0.13333386501643252,0.15275544169177988,20.45130816775152,1.4504403160639492,True,True,True,True,True,True,none,none
structural_lr,0.09,replay_gain,0.8,42,0.08679084069103282,0.1378661255341841,0.15296865724061112,20.463367638797994,1.4314524426198845,True,True,True,True,True,True,none,none
structural_lr,0.09,replay_gain,1.0,42,0.08691582238146145,0.1419180641667821,0.15309472107125466,20.48219954039744,1.413409497602411,True,True,True,True,True,True,none,none
structural_lr,0.09,replay_gain,1.25,42,0.08787828409348675,0.14537825933048742,0.1531797921856179,20.501021978647646,1.3977404201684391,True,True,True,True,True,True,none,none
structural_lr,0.09,replay_gain,1.5,42,0.08582693190488233,0.145655191875949,0.15323270666147792,20.49516765420185,1.3976428649198231,True,True,True,True,True,True,none,none
structural_lr,0.12,replay_gain,0.0,42,0.0,-0.017974996819294375,0.14801320585098252,19.21182983448674,0.0,False,False,True,True,False,False,SIG_A,SIG_A;SIG_B;SIG_E
structural_lr,0.12,replay_gain,0.1,42,0.06462477624200269,0.05805504035230741,0.15008055291569025,19.96486908650588,2.1134727644309885,True,True,True,True,True,True,none,none
structural_lr,0.12,replay_gain,0.25,42,0.11281165086470779,0.13191260547105654,0.15205759461132337,20.5253846796424,1.7421844207012853,True,True,True,True,True,True,none,none
structural_lr,0.12,replay_gain,0.4,42,0.11099563510431631,0.15710928352414677,0.15302508187682992,20.629908973205687,1.6128710173751735,True,True,True,True,True,True,none,none
structural_lr,0.12,replay_gain,0.6,42,0.10977582506066752,0.17132795131155087,0.15347204638525544,20.683860387278614,1.5445862659265723,True,True,True,True,True,True,none,none
structural_lr,0.12,replay_gain,0.8,42,0.10656584125587443,0.17656291490065446,0.15367154044228418,20.69386774326868,1.5218537037982185,True,True,True,True,True,True,none,none
structural_lr,0.12,replay_gain,1.0,42,0.10656180685963479,0.18122426318103746,0.1537873776202716,20.711806037660075,1.5002668919815818,True,True,True,True,True,True,none,none
structural_lr,0.12,replay_gain,1.25,42,0.10758429051997165,0.18519870168414854,0.1538646104094901,20.730173566037895,1.4815320908294352,True,True,True,True,True,True,none,none
structural_lr,0.12,replay_gain,1.5,42,0.10519455789797638,0.1855213155881178,0.15391224264941106,20.72358309827317,1.4814319491039654,True,True,True,True,True,True,none,none
structural_lr,0.15,replay_gain,0.0,42,0.0,-0.017974996819294375,0.14801320585098252,19.21182983448674,0.0,False,False,True,True,False,False,SIG_A,SIG_A;SIG_B;SIG_E
structural_lr,0.15,replay_gain,0.1,42,0.07845622559654375,0.07495444557115677,0.15048757989151654,20.113791784125944,2.269011862408723,True,True,True,True,True,True,none,none
structural_lr,0.15,replay_gain,0.25,42,0.13231053244879798,0.16066052831879385,0.1526239856617775,20.714275825734358,1.7951526110157316,True,True,True,True,True,True,none,none
structural_lr,0.15,replay_gain,0.4,42,0.1286859745106389,0.18874721782776982,0.15357309239219666,20.81105565258785,1.6504102524236215,True,True,True,True,True,True,none,none
structural_lr,0.15,replay_gain,0.6,42,0.1265958853679442,0.20427790679511215,0.1539867198205788,20.85915138092687,1.5756496210309185,True,True,True,True,True,True,none,none
structural_lr,0.15,replay_gain,0.8,42,0.12280327431553484,0.20993182913965036,0.15416586595064827,20.86625880249765,1.551122454541627,True,True,True,True,True,True,none,none
structural_lr,0.15,replay_gain,1.0,42,0.12262870412147753,0.21494449270655114,0.1542682980054466,20.882183718003194,1.5278282412878839,True,True,True,True,True,True,none,none
structural_lr,0.15,replay_gain,1.25,42,0.12363080513275426,0.2192113531206491,0.15433589524215374,20.899032673826614,1.5076094308492722,True,True,True,True,True,True,none,none
structural_lr,0.15,replay_gain,1.5,42,0.12102673172737977,0.21956290303037473,0.15437728033450995,20.89202393523049,1.5075183708690125,True,True,True,True,True,True,none,none
structural_lr,0.18,replay_gain,0.0,42,0.0,-0.017974996819294375,0.14801320585098252,19.21182983448674,0.0,False,False,True,True,False,False,SIG_A,SIG_A;SIG_B;SIG_E
structural_lr,0.18,replay_gain,0.1,42,0.09144162727936878,0.09107837272112279,0.15085928897862821,20.24897069180381,2.352692230041188,True,True,True,True,True,True,none,none
structural_lr,0.18,replay_gain,0.25,42,0.14902214350069898,0.18652170276103885,0.15308627140691464,20.866561710942214,1.8009720776194895,True,True,True,True,True,True,none,none
structural_lr,0.18,replay_gain,0.4,42,0.14333302989614727,0.21653501644072948,0.15399032480861272,20.95123023600088,1.649067228559577,True,True,True,True,True,True,none,none
structural_lr,0.18,replay_gain,0.6,42,0.14030096456167307,0.2327840625602735,0.15436425784839128,20.991774666311294,1.572197682886101,True,True,True,True,True,True,none,none
structural_lr,0.18,replay_gain,0.8,42,0.13601950846626842,0.2386304214396444,0.15452201985993197,20.995806879648978,1.5473338336916809,True,True,True,True,True,True,none,none
structural_lr,0.18,replay_gain,1.0,42,0.13565184853446277,0.2437896257506048,0.15461104110575163,21.00931108258705,1.5237038481065608,True,True,True,True,True,True,none,none
structural_lr,0.18,replay_gain,1.25,42,0.13657579921583762,0.248173336720531,0.1546692712991115,21.024218809230053,1.5031813071288918,True,True,True,True,True,True,none,none
structural_lr,0.18,replay_gain,1.5,42,0.13385797741895988,0.24854024266310948,0.1547046932758744,21.017035387319932,1.5031056018853843,True,True,True,True,True,True,none,none
structural_lr,0.21,replay_gain,0.0,42,0.0,-0.017974996819294375,0.14801320585098252,19.21182983448674,0.0,False,False,True,True,False,False,SIG_A,SIG_A;SIG_B;SIG_E
structural_lr,0.21,replay_gain,0.1,42,0.10362020118211523,0.10645863466945638,0.1511991834180727,20.371530427727187,2.385516799630257,True,True,True,True,True,True,none,none
structural_lr,0.21,replay_gain,0.25,42,0.1632435989400981,0.20975735019610875,0.15346645881636656,20.989508059348246,1.779232151244197,True,True,True,True,True,True,none,none
structural_lr,0.21,replay_gain,0.4,42,0.15533966426014678,0.2408939241304563,0.15431263728827976,21.060019422355438,1.6263936577834865,True,True,True,True,True,True,none,none
structural_lr,0.21,replay_gain,0.6,42,0.15134666358521087,0.25738455821838746,0.15464657763285647,21.092565234765647,1.5505534658744087,True,True,True,True,True,True,none,none
structural_lr,0.21,replay_gain,0.8,42,0.14666866720742155,0.26324561181288997,0.15478425783566718,21.09370134694377,1.5263675919284174,True,True,True,True,True,True,none,none
structural_lr,0.21,replay_gain,1.0,42,0.14610034824237883,0.26839190202918106,0.15486106247997403,21.10475720863962,1.5033579169296378,True,True,True,True,True,True,none,none
structural_lr,0.21,replay_gain,1.25,42,0.14690695642922724,0.2727561574145537,0.15491091517026004,21.117640743991082,1.4833555526001594,True,True,True,True,True,True,none,none
structural_lr,0.21,replay_gain,1.5,42,0.1441558043090262,0.2731275629507808,0.1549410671018165,21.110470418089868,1.4832977546361015,True,True,True,True,True,True,none,none
structural_lr,0.27,replay_gain,0.0,42,0.0,-0.017974996819294375,0.14801320585098252,19.21182983448674,0.0,False,False,True,True,False,False,SIG_A,SIG_A;SIG_B;SIG_E
structural_lr,0.27,replay_gain,0.1,42,0.12570643154178351,0.13510981243267983,0.1517956951591125,20.583145873860854,2.3556535223434882,True,True,True,True,True,True,none,none
structural_lr,0.27,replay_gain,0.25,42,0.18527870052843942,0.24929532660960296,0.1540441389915318,21.169420165433436,1.6973424340682244,True,True,True,True,True,True,none,none
structural_lr,0.27,replay_gain,0.4,42,0.1728310035320152,0.28081239205515796,0.15476502857617846,21.210683842676634,1.5545821378942988,True,True,True,True,True,True,none,none
structural_lr,0.27,replay_gain,0.6,42,0.16701584908290779,0.2967423910982564,0.1550274169913058,21.22830266717025,1.4864277289618135,True,True,True,True,True,True,none,none
structural_lr,0.27,replay_gain,0.8,42,0.1618073109720407,0.30225822610316655,0.1551314760150298,21.22473472139332,1.465323667079336,True,True,True,True,True,True,none,none
structural_lr,0.27,replay_gain,1.0,42,0.1608583120010385,0.30704707537547327,0.15518842437104602,21.231450651502417,1.445190044973366,True,True,True,True,True,True,none,none
structural_lr,0.27,replay_gain,1.25,42,0.1613697788377303,0.3110904400683038,0.15522490558166985,21.24061687177823,1.427644907184956,True,True,True,True,True,True,none,none
structural_lr,0.27,replay_gain,1.5,42,0.15872677701262072,0.3114472453146936,0.15524674467777375,21.23386645085219,1.427622135789369,True,True,True,True,True,True,none,none
structural_lr,0.33,replay_gain,0.0,42,0.0,-0.017974996819294375,0.14801320585098252,19.21182983448674,0.0,False,False,True,True,False,False,SIG_A,SIG_A;SIG_B;SIG_E
structural_lr,0.33,replay_gain,0.1,42,0.14500003959894658,0.16114053431015007,0.1522983147827602,20.756736079987217,2.2584006489510244,True,True,True,True,True,True,none,none
structural_lr,0.33,replay_gain,0.25,42,0.20031372138866066,0.2809763697577752,0.15445116573373946,21.287420450576835,1.6016967401020372,True,True,True,True,True,True,none,none
structural_lr,0.33,replay_gain,0.4,42,0.18358511562964286,0.3111257781035818,0.15505530760976297,21.302277071637302,1.4770681684444358,True,True,True,True,True,True,none,none
structural_lr,0.33,replay_gain,0.6,42,0.1762532625907196,0.325609757372076,0.1552607920292277,21.30785099822299,1.4199114426316195,True,True,True,True,True,True,none,none
structural_lr,0.33,replay_gain,0.8,42,0.17082840396441556,0.3304840228940178,0.15533968301157422,21.30116326864476,1.4027772336739532,True,True,True,True,True,True,none,none
structural_lr,0.33,replay_gain,1.0,42,0.16957200313332388,0.33466009500572136,0.15538216554974232,21.304562358713728,1.386376232241649,True,True,True,True,True,True,none,none
structural_lr,0.33,replay_gain,1.25,42,0.16977492394336036,0.3381678106959308,0.15540906803182256,21.31073502523655,1.3720428332860908,True,True,True,True,True,True,none,none
structural_lr,0.33,replay_gain,1.5,42,0.16738654518873786,0.33849024182780485,0.15542501751358723,21.304719372058784,1.372047773331302,True,True,True,True,True,True,none,none
structural_lr,0.4,replay_gain,0.0,42,0.0,-0.017974996819294375,0.14801320585098252,19.21182983448674,0.0,False,False,True,True,False,False,SIG_A,SIG_A;SIG_B;SIG_E
structural_lr,0.4,replay_gain,0.1,42,0.16433030719598485,0.18848514348502132,0.15278843859088867,20.92037613548169,2.1139042768835004,True,True,True,True,True,True,none,none
structural_lr,0.4,replay_gain,0.25,42,0.21108508614971933,0.3099071690783346,0.1547857761470053,21.374345401747732,1.497860004844152,True,True,True,True,True,True,none,none
structural_lr,0.4,replay_gain,0.4,42,0.19012692144577525,0.3371615100064581,0.15527489791970103,21.364188189894207,1.3970767885976587,True,True,True,True,True,True,none,none
structural_lr,0.4,replay_gain,0.6,42,0.18155480637814803,0.3494298947166241,0.15543028511251764,21.359609712256812,1.353165468767854,True,True,True,True,True,True,none,none
structural_lr,0.4,replay_gain,0.8,42,0.1762037015060226,0.35341011601296435,0.15548795311102684,21.3509674725126,1.3405619352673785,True,True,True,True,True,True,none,none
structural_lr,0.4,replay_gain,1.0,42,0.174715833738315,0.35675721440223773,0.15551846519165682,21.35169523883381,1.3284444421815353,True,True,True,True,True,True,none,none
structural_lr,0.4,replay_gain,1.25,42,0.174607223834374,0.3595479675398283,0.15553753546028123,21.355270909897378,1.3178166021885414,True,True,True,True,True,True,none,none
structural_lr,0.4,replay_gain,1.5,42,0.1726007459033011,0.35981884206052317,0.1555487076478389,21.350276586713907,1.317842315727909,True,True,True,True,True,True,none,none
