is_shuffled,seed,motif_type,n_branches,n_traces,n_overlap_branches,gSIG_A,gSIG_B,gSIG_E,B1_linking_gain,NR_targeted,NR_generic
False,42,canonical,4,2,1,0.12898414268494385,nan,1.5744404926527844,0.2392484762482996,1.0220307647023932,-0.5524097279503911
True,100,canonical,4,2,1,-0.029754804927598633,nan,2.2696181767866417,0.13008640642449376,1.8185388926385542,-0.45107928414808734
True,101,canonical,4,2,1,-0.013096055385734995,nan,2.207780330773133,0.13855366658868484,1.7376017552677647,-0.47017857550536846
True,102,canonical,4,2,1,0.06427119623499081,nan,1.9156796399716725,0.17580449400097697,1.4055846678463229,-0.5100949721253495
True,103,canonical,4,2,1,0.061345522477123965,nan,1.965156353205864,0.17442823585596023,1.417371911979157,-0.547784441226707
True,104,canonical,4,2,1,-0.059887808305295026,nan,2.432823444692539,0.11134926164578385,2.0038719081441227,-0.42895153654841645
True,105,canonical,4,2,1,0.036271362432738125,nan,2.2452331457744084,0.16262273863852283,1.5317270421638025,-0.7135061036106056
True,106,canonical,4,2,1,-0.04487221286903356,nan,2.3883009978666965,0.12406252897831305,1.8867861424820302,-0.5015148553846661
True,107,canonical,4,2,1,-0.028244569936482194,nan,2.2544500184401466,0.13186300676904206,1.7917470476956656,-0.4627029707444808
True,108,canonical,4,2,1,0.05018623328663718,nan,1.9537437977873884,0.17077778307264235,1.4489238156551283,-0.5048199821322602
True,109,canonical,4,2,1,-0.018295368767502707,nan,2.216138294546321,0.1387248549728367,1.7558312442982476,-0.4603070502480735
True,110,canonical,4,2,1,0.03286784274534013,nan,2.024012161405875,0.16281736207901132,1.5259351463780961,-0.49807701502777857
True,111,canonical,4,2,1,0.007263684258327824,nan,2.1231019142537777,0.1496343941877063,1.6412525687743722,-0.4818493454794055
True,112,canonical,4,2,1,0.022501175027933584,nan,2.312909497728157,0.15338605845588338,1.6015712903946742,-0.7113382073334824
True,113,canonical,4,2,1,0.01879280917222559,nan,2.076907929233183,0.15456566975918085,1.590458353413644,-0.486449575819539
True,114,canonical,4,2,1,-0.003250559581613577,nan,2.4041069443220566,0.14439657877622636,1.6927282617082053,-0.7113786826138513
True,115,canonical,4,2,1,-0.05503160638872895,nan,2.3938242684888014,0.11739347169227143,1.9479536822469155,-0.44587058624188614
True,116,canonical,4,2,1,-0.05561868500248959,nan,2.3727048354401328,0.12056008285533548,1.9336548429157698,-0.43904999252436294
True,117,canonical,4,2,1,0.0621281701967811,nan,1.9371161711904046,0.18072459937855856,1.3859309023784476,-0.5511852688119568
True,118,canonical,4,2,1,0.04302962762061199,nan,1.999550173990935,0.1646645476123696,1.5006322624063184,-0.4989179115846165
True,119,canonical,4,2,1,0.09103116784897647,nan,1.818460671171277,0.1914806681046185,1.294344913974556,-0.524115757196721
False,42,canonical,8,2,1,0.23405450960879387,nan,1.574506035515117,0.2391059758040459,1.021699091590521,-0.5528069439245958
True,100,canonical,8,2,1,0.011951966850834474,nan,3.2633485260153563,0.05365350199462432,2.559201651922822,-0.7041468740925344
True,101,canonical,8,2,1,-0.025860576330391502,nan,3.569244378740753,0.029883277284707743,2.8695061367262302,-0.6997382420145226
True,102,canonical,8,2,1,0.018048789932745106,nan,2.964881469466656,0.05531701247388232,2.516724235271624,-0.4481572341950318
True,103,canonical,8,2,1,0.019291467217901148,nan,3.23149414494121,0.05600129684940475,2.5283158156977605,-0.7031783292434493
True,104,canonical,8,2,1,-0.019243355314760784,nan,3.5414458034567993,0.03254134558523408,2.826620489093224,-0.7148253143635755
True,105,canonical,8,2,1,0.009643674295634792,nan,3.314287061003143,0.04842184229807073,2.5968223384774736,-0.7174647225256695
True,106,canonical,8,2,1,0.01807595209071121,nan,2.9070337041742285,0.05505565638179255,2.5362036745545002,-0.3708300296197281
True,107,canonical,8,2,1,0.07078899222513445,nan,2.8702002656747085,0.0858192135959907,2.1604507061337266,-0.7097495595409817
True,108,canonical,8,2,1,-0.0018946101470129276,nan,3.3881609220753277,0.04103776329148218,2.690652127404947,-0.6975087946703806
True,109,canonical,8,2,1,-0.0035912382154284425,nan,3.403592411971311,0.04080575647858847,2.701841758901211,-0.7017506530701001
True,110,canonical,8,2,1,0.03203404074861934,nan,2.8425079431938998,0.05942208122070197,2.4455969020297914,-0.3969110411641084
True,111,canonical,8,2,1,0.040271495474069226,nan,2.7519807708005057,0.06946655652633232,2.359660208261071,-0.39232056253943476
True,112,canonical,8,2,1,-0.014900954482175509,nan,3.4689619704559918,0.037104900754663495,2.7855565588408067,-0.6834054116151852
True,113,canonical,8,2,1,-0.043978285425342975,nan,3.748113131053985,0.017146192056666787,3.0363653090001095,-0.7117478220538757
True,114,canonical,8,2,1,0.014076605921753561,nan,3.236015007211642,0.055078303880620516,2.53388767595978,-0.7021273312518617
True,115,canonical,8,2,1,0.07016667199740978,nan,2.880174171622479,0.08456359874068042,2.1729401689279717,-0.7072340026945076
True,116,canonical,8,2,1,0.0261960264800254,nan,2.851987142256764,0.061008271030603356,2.473506771563308,-0.378480370693456
True,117,canonical,8,2,1,-0.006128208214636159,nan,3.0782274385006665,0.04198225206606304,2.7130538599658243,-0.3651735785348421
True,118,canonical,8,2,1,-0.037656962207380164,nan,3.324167350239134,0.019997055248515583,3.0110123901468633,-0.3131549600922704
True,119,canonical,8,2,1,0.023021560701527242,nan,2.919071642415644,0.05927467347086196,2.465786185906398,-0.4532854565092461
False,42,canonical,16,2,1,0.27608265637833385,nan,1.5746365281179857,0.23882097491553855,1.0210387468004207,-0.5535977813175649
True,100,canonical,16,2,1,-0.00696945940233417,nan,3.965836234105647,-0.003129087514810114,3.275408169474076,-0.6904280646315707
True,101,canonical,16,2,1,-0.008920628107505088,nan,3.9887287022617155,-0.0032725559288109274,3.2801191029362946,-0.7086095993254207
True,102,canonical,16,2,1,-0.01761895376554995,nan,4.088338871164531,-0.009429327571609525,3.3810480399797673,-0.7072908311847634
True,103,canonical,16,2,1,-0.004047364566867809,nan,3.9465240955701155,-0.0012189096366043706,3.2374679079968196,-0.7090561875732959
True,104,canonical,16,2,1,-0.014187090859713621,nan,4.062874699921252,-0.007791996600918616,3.355174496727658,-0.7077002031935941
True,105,canonical,16,2,1,0.004945673935061979,nan,3.5294852424852503,0.004933391980852242,3.1423354189008164,-0.3871498235844339
True,106,canonical,16,2,1,0.0012893029179231186,nan,3.876909571991503,0.0035589016314857003,3.1883892649567263,-0.6885203070347768
True,107,canonical,16,2,1,-0.007598619595171385,nan,3.9716664892673377,-0.002407957585656595,3.2835495845093323,-0.6881169047580054
True,108,canonical,16,2,1,-0.0008763641672116297,nan,3.8952561238383456,0.0014104589773827336,3.207835789036034,-0.6874203348023116
True,109,canonical,16,2,1,-0.0043761200129577,nan,3.9372048135862094,-0.0009283607832555885,3.246083707712666,-0.6911211058735436
True,110,canonical,16,2,1,0.00865466857241887,nan,3.486428063822434,0.008293099311285801,3.09456605639007,-0.39186200743236405
True,111,canonical,16,2,1,0.0310347790678829,nan,3.22538753644365,0.022761789260508813,2.878596735548733,-0.34679080089491693
True,112,canonical,16,2,1,-0.002773521037804705,nan,3.9161695124284703,0.0016238788290052208,3.2273863212403295,-0.6887831911881408
True,113,canonical,16,2,1,-0.015516242216749236,nan,4.072650095420997,-0.008257326368380724,3.3650427185261518,-0.7076073768948447
True,114,canonical,16,2,1,0.0071868716143994186,nan,3.825345508476118,0.00660552577416218,3.114682744511263,-0.7106627639648551
True,115,canonical,16,2,1,-0.0063920541882443935,nan,3.9565155416868656,-0.002308394901039179,3.269807661397008,-0.6867078802898574
True,116,canonical,16,2,1,-0.0008597608678630022,nan,3.8934054792911703,0.002716536711816764,3.2044251109527706,-0.6889803683383997
True,117,canonical,16,2,1,0.017090614472852473,nan,3.3521951859407513,0.012944404435981771,3.022376970260947,-0.32981821567980435
True,118,canonical,16,2,1,0.028749684700152735,nan,3.316116728294761,0.021239079893977664,2.9054842244483368,-0.4106325038464244
True,119,canonical,16,2,1,-0.002704106794000716,nan,3.9193421731763873,0.0013174618598719157,3.2310611136077294,-0.688281059568658
False,42,canonical,32,2,1,0.2950631097581261,nan,1.5748951657341048,0.23825097313852378,1.0197299369631272,-0.5551652287709775
True,100,canonical,32,2,1,-0.0002845645371789985,nan,4.070398074338661,-0.01220224734822195,3.3619195844917136,-0.7084784898469478
True,101,canonical,32,2,1,0.008800480551233579,nan,3.96755571658412,-0.005880370336109386,3.257738983361795,-0.7098167332223252
True,102,canonical,32,2,1,0.005528054106229412,nan,4.002979110234119,-0.00815460509324445,3.2936825483509278,-0.7092965618831903
True,103,canonical,32,2,1,0.006510734769565438,nan,3.6432176143143624,-0.007259602863137371,3.290462221417235,-0.35275539289712726
True,104,canonical,32,2,1,-0.004757941628529829,nan,4.118056565362963,-0.015314567473510676,3.41027875542992,-0.7077778099330433
True,105,canonical,32,2,1,-0.004135998727287487,nan,4.109902440919932,-0.01455786386655239,3.401949543669003,-0.7079528972509289
True,106,canonical,32,2,1,-0.0046088716022232926,nan,4.11489228056589,-0.014930010880622513,3.4070045714653343,-0.7078877091005557
True,107,canonical,32,2,1,0.0027508779596276487,nan,4.033121247618912,-0.010158268383949842,3.324217456312473,-0.7089037913064392
True,108,canonical,32,2,1,-0.0029626292883446065,nan,4.0995087167720445,-0.014161010907579596,3.3914500496584887,-0.7080586671135558
True,109,canonical,32,2,1,-0.006060292965908692,nan,4.134266433334721,-0.016033772431327253,3.4266183243039805,-0.7076481090307407
True,110,canonical,32,2,1,-0.002860925331878778,nan,4.099054339322098,-0.014047532172985655,3.3909362361652486,-0.7081181031568492
True,111,canonical,32,2,1,-0.004443457756233936,nan,4.117483113469707,-0.015216615452384008,3.4096362980212125,-0.7078468154484946
True,112,canonical,32,2,1,-0.0031596558770646092,nan,4.100460507805671,-0.014064338043841551,3.3923343896474814,-0.7081261181581899
True,113,canonical,32,2,1,-0.002525185458045788,nan,4.095361367633018,-0.014027882777625789,3.3873052952841074,-0.7080560723489107
True,114,canonical,32,2,1,0.00462691478909116,nan,4.010858882824509,-0.008305270658975072,3.3015172594937052,-0.709341623330804
True,115,canonical,32,2,1,0.0061658728976504915,nan,3.994520119538418,-0.007915448313931595,3.285141410161056,-0.7093787093773619
True,116,canonical,32,2,1,0.007486426765234554,nan,3.9795027229573545,-0.0066909841895192446,3.269890295655041,-0.7096124273023134
True,117,canonical,32,2,1,-0.0017967611186725189,nan,4.084455494752454,-0.013121523248091571,3.3762135963593973,-0.7082418983930571
True,118,canonical,32,2,1,-0.003644722675431188,nan,4.107207501423464,-0.014502906028986295,3.399178697723811,-0.7080288036996533
True,119,canonical,32,2,1,0.00472564925501614,nan,4.007713361170296,-0.008353172632164008,3.2984178456766484,-0.7092955154936474
False,42,strong_overlap,4,2,1,0.13178822855435446,nan,1.5660339164325214,0.2955284670131792,1.0106535175537643,-0.555380398878757
True,100,strong_overlap,4,2,1,-0.029754804927598633,nan,2.274271559430138,0.15839612637565975,1.8206335853344464,-0.45363797409569145
True,101,strong_overlap,4,2,1,-0.013096055385734995,nan,2.211079388781945,0.1689427550620501,1.740254746953458,-0.4708246418284872
True,102,strong_overlap,4,2,1,0.06427119623499081,nan,1.9162026318618137,0.2164187192250709,1.405144854279352,-0.5110577775824615
True,103,strong_overlap,4,2,1,0.061345522477123965,nan,1.9659744579380534,0.21464423425547735,1.4170766197441826,-0.5488978381938707
True,104,strong_overlap,4,2,1,-0.059887808305295026,nan,2.4386961938461607,0.1348286054625107,2.007353957193958,-0.4313422366522025
True,105,strong_overlap,4,2,1,0.036271362432738125,nan,2.2493238607861294,0.19920861796759098,1.5321061596572452,-0.7172177011288844
True,106,strong_overlap,4,2,1,-0.04487221286903356,nan,2.3934050121616806,0.15028449799738236,1.891412572991651,-0.5019924391700296
True,107,strong_overlap,4,2,1,-0.028244569936482194,nan,2.25770336475112,0.16084005409189345,1.7941231904523998,-0.4635801742987202
True,108,strong_overlap,4,2,1,0.05018623328663718,nan,1.9547007706415989,0.20994929195353457,1.4489547045620585,-0.5057460660795402
True,109,strong_overlap,4,2,1,-0.018295368767502707,nan,2.221283807477997,0.16856828755480652,1.7588731222634277,-0.4624106852145695
True,110,strong_overlap,4,2,1,0.03286784274534013,nan,2.0258899245078577,0.19938656819148565,1.5275579655385065,-0.49833195896935095
True,111,strong_overlap,4,2,1,0.007263684258327824,nan,2.125979636762292,0.1827561172141729,1.6434641494715905,-0.48251548729070154
True,112,strong_overlap,4,2,1,0.022501175027933584,nan,2.317014823254824,0.187948938355125,1.6017114314746312,-0.7153033917801929
True,113,strong_overlap,4,2,1,0.01879280917222559,nan,2.079145131624929,0.18930045034470938,1.5916162510384062,-0.48752888058652283
True,114,strong_overlap,4,2,1,-0.003250559581613577,nan,2.409469986529621,0.17615496788011892,1.6943849395472534,-0.715085046982368
True,115,strong_overlap,4,2,1,-0.05503160638872895,nan,2.3988200781616067,0.14207416229771824,1.9527134785223765,-0.4461065996392303
True,116,strong_overlap,4,2,1,-0.05561868500248959,nan,2.3792498369661854,0.14560984836867624,1.9382828748407248,-0.44096696212546066
True,117,strong_overlap,4,2,1,0.0621281701967811,nan,1.9387716910157815,0.2217831912837605,1.3866223374839617,-0.5521493535318198
True,118,strong_overlap,4,2,1,0.04302962762061199,nan,2.000873068233611,0.20216905531366008,1.5011393957018568,-0.4997336725317545
True,119,strong_overlap,4,2,1,0.09103116784897647,nan,1.8188556983125261,0.235738583773136,1.2939247087142132,-0.524930989598313
False,42,strong_overlap,8,2,1,0.23685859547820448,nan,1.5660966435787285,0.2953859665689256,1.010401470293431,-0.5556951732852975
True,100,strong_overlap,8,2,1,0.011951966850834474,nan,3.268727387914516,0.06527550616599798,2.561635096259425,-0.7070922916550908
True,101,strong_overlap,8,2,1,-0.025860576330391502,nan,3.5762251999689587,0.03571217801712212,2.873475415569243,-0.7027497843997159
True,102,strong_overlap,8,2,1,0.018048789932745106,nan,2.9663421979358597,0.0677409806007474,2.5194067776446305,-0.44693542029122935
True,103,strong_overlap,8,2,1,0.019291467217901148,nan,3.236698484795393,0.0682679022312781,2.530302290216705,-0.7063961945786875
True,104,strong_overlap,8,2,1,-0.019243355314760784,nan,3.5467661700246604,0.039005886103841814,2.831781833437612,-0.7149843365870482
True,105,strong_overlap,8,2,1,0.009643674295634792,nan,3.3172326911663426,0.0592970000038463,2.5995208474005547,-0.7177118437657877
True,106,strong_overlap,8,2,1,0.01807595209071121,nan,2.9103548277727196,0.0671879148175143,2.5379934417944208,-0.3723613859782986
True,107,strong_overlap,8,2,1,0.07078899222513445,nan,2.872006767327456,0.10617980408563166,2.1593615151681815,-0.7126452521592745
True,108,strong_overlap,8,2,1,-0.0018946101470129276,nan,3.392889412130293,0.05033860387644362,2.69144192388459,-0.7014474882457027
True,109,strong_overlap,8,2,1,-0.0035912382154284425,nan,3.4085246727960814,0.049799728310972124,2.703707397676304,-0.7048172751197774
True,110,strong_overlap,8,2,1,0.03203404074861934,nan,2.8422888310734264,0.07341785700283365,2.446755544400954,-0.3955332866724722
True,111,strong_overlap,8,2,1,0.040271495474069226,nan,2.7542905275010696,0.08527506500505877,2.3603919468130847,-0.39389858068798506
True,112,strong_overlap,8,2,1,-0.014900954482175509,nan,3.4775978905250264,0.044557355691914546,2.787762046295386,-0.6898358442296405
True,113,strong_overlap,8,2,1,-0.043978285425342975,nan,3.7541175439572245,0.020043872529041384,3.0421395534637257,-0.7119779904934989
True,114,strong_overlap,8,2,1,0.014076605921753561,nan,3.2409987001001626,0.0672778926253278,2.5354559578619846,-0.705542742238178
True,115,strong_overlap,8,2,1,0.07016667199740978,nan,2.8821722014214686,0.10467217814044572,2.1715774022585173,-0.7105947991629514
True,116,strong_overlap,8,2,1,0.0261960264800254,nan,2.855578654343975,0.07434283100207417,2.4756406146792296,-0.37993803966474515
True,117,strong_overlap,8,2,1,-0.006128208214636159,nan,3.0817233619503748,0.05044015361687937,2.7184697199881263,-0.3632536419622483
True,118,strong_overlap,8,2,1,-0.037656962207380164,nan,3.3300688152809057,0.023411653507866448,3.0155162968011915,-0.31455251847971444
True,119,strong_overlap,8,2,1,0.023021560701527242,nan,2.9201848407391995,0.07274643243458856,2.468089384208634,-0.4520954565305652
False,42,strong_overlap,16,2,1,0.27888674224774446,nan,1.5662216426228537,0.2951009656804182,1.0098992050299724,-0.5563224375928812
True,100,strong_overlap,16,2,1,-0.00696945940233417,nan,3.973955441377744,-0.0038239537212079178,3.2797236617189656,-0.6942317796587784
True,101,strong_overlap,16,2,1,-0.008920628107505088,nan,3.9956587827890746,-0.0042203752381466675,3.286825438181598,-0.7088333446074766
True,102,strong_overlap,16,2,1,-0.01761895376554995,nan,4.09599053795485,-0.011902435750869023,3.3884789310079246,-0.7075116069469255
True,103,strong_overlap,16,2,1,-0.004047364566867809,nan,3.952632414775977,-0.0014637235672335658,3.2433226379776485,-0.7093097767983284
True,104,strong_overlap,16,2,1,-0.014187090859713621,nan,4.07039695613036,-0.009884339046709267,3.362489987579661,-0.7079069685506993
True,105,strong_overlap,16,2,1,0.004945673935061979,nan,3.5330137200380896,0.006187269096575743,3.1476589037847273,-0.38535481625336215
True,106,strong_overlap,16,2,1,0.0012893029179231186,nan,3.8856799625522918,0.004175388112160561,3.1927707856398215,-0.6929091769124703
True,107,strong_overlap,16,2,1,-0.007598619595171385,nan,3.9811295752413223,-0.00329525413663323,3.288794073542349,-0.6923355016989732
True,108,strong_overlap,16,2,1,-0.0008763641672116297,nan,3.903443121054364,0.001789184436694402,3.211456555916668,-0.691986565137696
True,109,strong_overlap,16,2,1,-0.0043761200129577,nan,3.945410399112304,-0.001195520404562278,3.2505499435520373,-0.6948604555602669
True,110,strong_overlap,16,2,1,0.00865466857241887,nan,3.4899033802913304,0.010302817672031117,3.099815675729304,-0.39008770456202646
True,111,strong_overlap,16,2,1,0.0310347790678829,nan,3.2270164519854037,0.02846692565201736,2.882195965909968,-0.34482048607543575
True,112,strong_overlap,16,2,1,-0.002773521037804705,nan,3.9256509787843576,0.0015775684645444876,3.232639840724683,-0.6930111380596747
True,113,strong_overlap,16,2,1,-0.015516242216749236,nan,4.080369198520317,-0.010507321525923041,3.3725641096266266,-0.7078050888936901
True,114,strong_overlap,16,2,1,0.0071868716143994186,nan,3.8305893786613554,0.008319181586694868,3.119670018450806,-0.7109193602105495
True,115,strong_overlap,16,2,1,-0.0063920541882443935,nan,3.965287810095827,-0.0029131986648092134,3.274038118883451,-0.6912496912123757
True,116,strong_overlap,16,2,1,-0.0008597608678630022,nan,3.902383576996745,0.0030606085597646437,3.2091486895309225,-0.6932348874658225
True,117,strong_overlap,16,2,1,0.017090614472852473,nan,3.3546978879570992,0.016162655839699558,3.0270097315760074,-0.3276881563810917
True,118,strong_overlap,16,2,1,0.028749684700152735,nan,3.3185830299698287,0.026442655889014066,2.909580352804239,-0.40900267716558963
True,119,strong_overlap,16,2,1,-0.002704106794000716,nan,3.9287832895493047,0.0012257662328797325,3.2361839235766094,-0.6925993659726952
False,42,strong_overlap,32,2,1,0.2978671956275367,nan,1.5664698350624051,0.2945309639034034,1.008901929875489,-0.5575679051869161
True,100,strong_overlap,32,2,1,-0.0002845645371789985,nan,4.082022291781178,-0.014717678268194367,3.3735611224613615,-0.7084611693198163
True,101,strong_overlap,32,2,1,0.008800480551233579,nan,3.978094690216602,-0.006794496771515224,3.268283326844088,-0.709811363372514
True,102,strong_overlap,32,2,1,0.005528054106229412,nan,4.013835802482952,-0.00962251439190076,3.3045365606740833,-0.7092992418088694
True,103,strong_overlap,32,2,1,0.006510734769565438,nan,3.6535861072032043,-0.008517368908942724,3.2991756520692554,-0.35441045513394903
True,104,strong_overlap,32,2,1,-0.004757941628529829,nan,4.1299625124307155,-0.018536275118824164,3.4221891477494903,-0.707773364681225
True,105,strong_overlap,32,2,1,-0.004135998727287487,nan,4.121944592122189,-0.017673308281340283,3.414011394114911,-0.7079331980072783
True,106,strong_overlap,32,2,1,-0.0046088716022232926,nan,4.126933532337026,-0.018116654262979703,3.4190653564024966,-0.7078681759345299
True,107,strong_overlap,32,2,1,0.0027508779596276487,nan,4.044160908893391,-0.012085322248020058,3.3352560821212505,-0.7089048267721411
True,108,strong_overlap,32,2,1,-0.0029626292883446065,nan,4.111259966242714,-0.017105832969175894,3.4032117452682518,-0.7080482209744619
True,109,strong_overlap,32,2,1,-0.006060292965908692,nan,4.146529655772777,-0.019512477163421527,3.4389059744950843,-0.7076236812776925
True,110,strong_overlap,32,2,1,-0.002860925331878778,nan,4.11086715751126,-0.016990448110090317,3.40277064145029,-0.7080965160609696
True,111,strong_overlap,32,2,1,-0.004443457756233936,nan,4.129431231055004,-0.018433287297362266,3.4216012995623375,-0.7078299314926667
True,112,strong_overlap,32,2,1,-0.0031596558770646092,nan,4.11235291622352,-0.017033386235581593,3.404254467675237,-0.7080984485482823
True,113,strong_overlap,32,2,1,-0.002525185458045788,nan,4.106984638993014,-0.016903540553684815,3.398926516461712,-0.7080581225313018
True,114,strong_overlap,32,2,1,0.00462691478909116,nan,4.022078713703126,-0.009918003171968337,3.3127674634196964,-0.7093112502834298
True,115,strong_overlap,32,2,1,0.0061658728976504915,nan,4.0050304471446845,-0.009230755704965454,3.2956393403792497,-0.7093911067654352
True,116,strong_overlap,32,2,1,0.007486426765234554,nan,3.990118238718866,-0.007790263656389351,3.2805024915289307,-0.7096157471899349
True,117,strong_overlap,32,2,1,-0.0017967611186725189,nan,4.0961659147455665,-0.01584670422959178,3.387931803970368,-0.7082341107751986
True,118,strong_overlap,32,2,1,-0.003644722675431188,nan,4.1191452480486435,-0.017572004326276924,3.4111427245939914,-0.7080025234546524
True,119,strong_overlap,32,2,1,0.00472564925501614,nan,4.0186957707595035,-0.009901006522312739,3.3094108048451503,-0.7092849659143531
