comparator,step,phase,branch_id,is_overlap,x_b,fast_access,slow_access,effective_access,eligibility,translation_readiness,structural_accessibility,input_drive
random_slow_drift,0,init,b0,False,0.0,0.0,0.0,0.0,0.0,0.0,0.5,nan
random_slow_drift,0,init,b1,True,0.0,0.0,0.0,0.0,0.0,0.0,0.5,nan
random_slow_drift,0,init,b2,False,0.0,0.0,0.0,0.0,0.0,0.0,0.5,nan
random_slow_drift,0,init,b3,False,0.0,0.0,0.0,0.0,0.0,0.0,0.5,nan
random_slow_drift,1,encode_mu_1,b0,False,0.8803135872263584,0.9241418199787566,0.9525741268224334,0.8803135872263584,0.8803135872263584,0.0,0.5,1.0
random_slow_drift,1,encode_mu_1,b1,True,0.6789210541063354,0.8909031788043871,0.9525741268224334,0.8486513176329192,0.6789210541063354,0.0,0.5,0.8
random_slow_drift,1,encode_mu_1,b2,False,0.0,0.6224593312018546,0.9525741268224334,0.5929386539020824,0.0,0.0,0.5,0.0
random_slow_drift,1,encode_mu_1,b3,False,0.0,0.6224593312018546,0.9525741268224334,0.5929386539020824,0.0,0.0,0.5,0.0
random_slow_drift,2,encode_mu_1,b0,False,0.8803135872263584,0.9241418199787566,0.9525741268224334,0.8803135872263584,1.0,0.0,0.5,1.0
random_slow_drift,2,encode_mu_1,b1,True,0.6789210541063354,0.8909031788043871,0.9525741268224334,0.8486513176329192,1.0,0.0,0.5,0.8
random_slow_drift,2,encode_mu_1,b2,False,0.0,0.6224593312018546,0.9525741268224334,0.5929386539020824,0.0,0.0,0.5,0.0
random_slow_drift,2,encode_mu_1,b3,False,0.0,0.6224593312018546,0.9525741268224334,0.5929386539020824,0.0,0.0,0.5,0.0
random_slow_drift,3,encode_mu_2,b0,False,0.0,0.6224593312018546,0.9525741268224334,0.5929386539020824,0.88,0.0,0.5,0.0
random_slow_drift,3,encode_mu_2,b1,True,0.6789210541063354,0.8909031788043871,0.9525741268224334,0.8486513176329192,1.0,0.0,0.5,0.8
random_slow_drift,3,encode_mu_2,b2,False,0.8803135872263584,0.9241418199787566,0.9525741268224334,0.8803135872263584,0.8803135872263584,0.0,0.5,1.0
random_slow_drift,3,encode_mu_2,b3,False,0.0,0.6224593312018546,0.9525741268224334,0.5929386539020824,0.0,0.0,0.5,0.0
random_slow_drift,4,encode_mu_2,b0,False,0.0,0.6224593312018546,0.9525741268224334,0.5929386539020824,0.7744,0.0,0.5,0.0
random_slow_drift,4,encode_mu_2,b1,True,0.6789210541063354,0.8909031788043871,0.9525741268224334,0.8486513176329192,1.0,0.0,0.5,0.8
random_slow_drift,4,encode_mu_2,b2,False,0.8803135872263584,0.9241418199787566,0.9525741268224334,0.8803135872263584,1.0,0.0,0.5,1.0
random_slow_drift,4,encode_mu_2,b3,False,0.0,0.6224593312018546,0.9525741268224334,0.5929386539020824,0.0,0.0,0.5,0.0
random_slow_drift,5,pre_consolidation_probe,b0,False,0.8803135872263584,0.9241418199787566,0.9525741268224334,0.8803135872263584,1.0,0.0,0.5,1.0
random_slow_drift,5,pre_consolidation_probe,b1,True,0.6789210541063354,0.8909031788043871,0.9525741268224334,0.8486513176329192,1.0,0.0,0.5,0.8
random_slow_drift,5,pre_consolidation_probe,b2,False,0.0,0.6224593312018546,0.9525741268224334,0.5929386539020824,0.88,0.0,0.5,0.0
random_slow_drift,5,pre_consolidation_probe,b3,False,0.0,0.6224593312018546,0.9525741268224334,0.5929386539020824,0.0,0.0,0.5,0.0
random_slow_drift,6,pre_consolidation_probe,b0,False,0.0,0.6224593312018546,0.9525741268224334,0.5929386539020824,0.88,0.0,0.5,0.0
random_slow_drift,6,pre_consolidation_probe,b1,True,0.6789210541063354,0.8909031788043871,0.9525741268224334,0.8486513176329192,1.0,0.0,0.5,0.8
random_slow_drift,6,pre_consolidation_probe,b2,False,0.8803135872263584,0.9241418199787566,0.9525741268224334,0.8803135872263584,1.0,0.0,0.5,1.0
random_slow_drift,6,pre_consolidation_probe,b3,False,0.0,0.6224593312018546,0.9525741268224334,0.5929386539020824,0.0,0.0,0.5,0.0
random_slow_drift,7,consolidation_replay,b0,False,0.0,0.6224593312018546,0.9515880921102537,0.5923248873945973,0.88,0.0,0.4963977417605518,nan
random_slow_drift,7,consolidation_replay,b1,True,0.6789210541063354,0.8909031788043871,0.9513885967471987,0.8475951251203244,1.0,0.0,0.495677409991712,nan
random_slow_drift,7,consolidation_replay,b2,False,0.8803135872263584,0.9241418199787566,0.9518140690551542,0.879611186058016,1.0,0.0,0.49721710346080844,nan
random_slow_drift,7,consolidation_replay,b3,False,0.0,0.6224593312018546,0.9571107360251041,0.5957625086323011,0.0,0.0,0.5175495931274716,nan
random_slow_drift,8,consolidation_replay,b0,False,0.0,0.6224593312018546,0.9506987688958564,0.5917713198613412,0.88,0.0,0.4932080346659796,nan
random_slow_drift,8,consolidation_replay,b1,True,0.6789210541063354,0.8909031788043871,0.9398829272132642,0.8373446875582694,1.0,0.0,0.45824357463318804,nan
random_slow_drift,8,consolidation_replay,b2,False,0.8803135872263584,0.9241418199787566,0.9540494800802172,0.8816770228711184,1.0,0.0,0.5055250620625014,nan
random_slow_drift,8,consolidation_replay,b3,False,0.0,0.6224593312018546,0.9554341058510467,0.5947188745354844,0.0,0.0,0.5108661561650424,nan
random_slow_drift,9,consolidation_replay,b0,False,0.0,0.6224593312018546,0.9491508533361583,0.5908078053772947,0.88,0.0,0.48778406756234977,nan
random_slow_drift,9,consolidation_replay,b1,True,0.6789210541063354,0.8909031788043871,0.9408576256697155,0.8382130495114977,1.0,0.0,0.4611406943007094,nan
random_slow_drift,9,consolidation_replay,b2,False,0.8803135872263584,0.9241418199787566,0.9555530964333353,0.8830665776242388,1.0,0.0,0.5113325054851694,nan
random_slow_drift,9,consolidation_replay,b3,False,0.0,0.6224593312018546,0.9623023428843012,0.5989940727657399,0.0,0.0,0.5399551233300209,nan
random_slow_drift,10,consolidation_replay,b0,False,0.0,0.6224593312018546,0.9536996770353151,0.593639263134827,0.88,0.0,0.5041999802323165,nan
random_slow_drift,10,consolidation_replay,b1,True,0.6789210541063354,0.8909031788043871,0.9417732817617482,0.8390288104345812,1.0,0.0,0.46390337373680524,nan
random_slow_drift,10,consolidation_replay,b2,False,0.8803135872263584,0.9241418199787566,0.9506048766512414,0.8784937207891595,1.0,0.0,0.4928744654265489,nan
random_slow_drift,10,consolidation_replay,b3,False,0.0,0.6224593312018546,0.9563754868843107,0.5953048459438561,0.0,0.0,0.514588564142828,nan
random_slow_drift,11,consolidation_replay,b0,False,0.0,0.6224593312018546,0.9553042394683053,0.5946380379937377,0.88,0.0,0.5103585351125965,nan
random_slow_drift,11,consolidation_replay,b1,True,0.6789210541063354,0.8909031788043871,0.9516661600890065,0.8478424071838606,1.0,0.0,0.4966803944169064,nan
random_slow_drift,11,consolidation_replay,b2,False,0.8803135872263584,0.9241418199787566,0.9508974531540935,0.8787641029709883,1.0,0.0,0.49391588702413347,nan
random_slow_drift,11,consolidation_replay,b3,False,0.0,0.6224593312018546,0.955705228878033,0.5948876375935358,0.0,0.0,0.5119304817985585,nan
random_slow_drift,12,consolidation_replay,b0,False,0.0,0.6224593312018546,0.9585890705862521,0.5966827117745258,0.88,0.0,0.5236529406226182,nan
random_slow_drift,12,consolidation_replay,b1,True,0.6789210541063354,0.8909031788043871,0.9405903238948539,0.8379749095105733,1.0,0.0,0.46034176196668947,nan
random_slow_drift,12,consolidation_replay,b2,False,0.8803135872263584,0.9241418199787566,0.9486635765955099,0.8766996842225311,1.0,0.0,0.48610895409551946,nan
random_slow_drift,12,consolidation_replay,b3,False,0.0,0.6224593312018546,0.9587166885682251,0.5967621487782341,0.0,0.0,0.5241895451133967,nan
random_slow_drift,13,consolidation_replay,b0,False,0.0,0.6224593312018546,0.9634883251230983,0.5997322984769188,0.88,0.0,0.5454880502571045,nan
random_slow_drift,13,consolidation_replay,b1,True,0.6789210541063354,0.8909031788043871,0.9385409922083523,0.8361491533966445,1.0,0.0,0.4543260201503111,nan
random_slow_drift,13,consolidation_replay,b2,False,0.8803135872263584,0.9241418199787566,0.9513459955861211,0.8791786197904601,1.0,0.0,0.4955239505627172,nan
random_slow_drift,13,consolidation_replay,b3,False,0.0,0.6224593312018546,0.9601653850126965,0.5976639033981743,0.0,0.0,0.5303948813466071,nan
random_slow_drift,14,consolidation_replay,b0,False,0.0,0.6224593312018546,0.9673992920077708,0.6021667163083047,0.88,0.0,0.5650462204746955,nan
random_slow_drift,14,consolidation_replay,b1,True,0.6789210541063354,0.8909031788043871,0.9281740067368129,0.8269131730854312,1.0,0.0,0.42649546479410677,nan
random_slow_drift,14,consolidation_replay,b2,False,0.8803135872263584,0.9241418199787566,0.9551429953366646,0.8826875860503862,1.0,0.0,0.5097302177523518,nan
random_slow_drift,14,consolidation_replay,b3,False,0.0,0.6224593312018546,0.9505082677257917,0.5916527406304296,0.0,0.0,0.49253187155347855,nan
random_slow_drift,15,consolidation_replay,b0,False,0.0,0.6224593312018546,0.9524513444457064,0.5928622268659817,0.88,0.0,0.49954758491922424,nan
random_slow_drift,15,consolidation_replay,b1,True,0.6789210541063354,0.8909031788043871,0.9218634504341959,0.8212910784154057,1.0,0.0,0.4113231965891192,nan
random_slow_drift,15,consolidation_replay,b2,False,0.8803135872263584,0.9241418199787566,0.9488753076373979,0.8768953537329274,1.0,0.0,0.48683496659370196,nan
random_slow_drift,15,consolidation_replay,b3,False,0.0,0.6224593312018546,0.9563363221162056,0.5952804674684947,0.0,0.0,0.5144321776298887,nan
random_slow_drift,16,post_consolidation_probe,b0,False,0.8802001188972687,0.9241418199787566,0.9524513444457064,0.8802001188972687,1.0,0.0,0.49954758491922424,1.0
random_slow_drift,16,post_consolidation_probe,b1,True,0.6570328627323246,0.8909031788043871,0.9218634504341959,0.8212910784154057,1.0,0.0,0.4113231965891192,0.8
random_slow_drift,16,post_consolidation_probe,b2,False,0.0,0.6224593312018546,0.9488753076373979,0.5906362893859287,0.88,0.0,0.48683496659370196,0.0
random_slow_drift,16,post_consolidation_probe,b3,False,0.0,0.6224593312018546,0.9563363221162056,0.5952804674684947,0.0,0.0,0.5144321776298887,0.0
random_slow_drift,17,post_consolidation_probe,b0,False,0.0,0.6224593312018546,0.9524513444457064,0.5928622268659817,0.88,0.0,0.49954758491922424,0.0
random_slow_drift,17,post_consolidation_probe,b1,True,0.6570328627323246,0.8909031788043871,0.9218634504341959,0.8212910784154057,1.0,0.0,0.4113231965891192,0.8
random_slow_drift,17,post_consolidation_probe,b2,False,0.8768953537329274,0.9241418199787566,0.9488753076373979,0.8768953537329274,1.0,0.0,0.48683496659370196,1.0
random_slow_drift,17,post_consolidation_probe,b3,False,0.0,0.6224593312018546,0.9563363221162056,0.5952804674684947,0.0,0.0,0.5144321776298887,0.0
random_slow_drift,18,overlap_damage,b0,False,0.0,0.6224593312018546,0.9567657422858913,0.5955477640601219,0.88,0.0,0.5161542324095466,nan
random_slow_drift,18,overlap_damage,b1,True,0.6570328627323246,0.8909031788043871,0.9076336395330041,0.8086136946497486,1.0,0.0,0.3808463280567268,nan
random_slow_drift,18,overlap_damage,b2,False,0.8768953537329274,0.9241418199787566,0.9547010332051071,0.882279150361767,1.0,0.0,0.5080190021774019,nan
random_slow_drift,18,overlap_damage,b3,False,0.0,0.6224593312018546,0.9496101919220209,0.5910937249662459,0.0,0.0,0.48937710702382997,nan
random_slow_drift,19,overlap_damage,b0,False,0.0,0.6224593312018546,0.9562274467741545,0.5952126969958972,0.88,0.0,0.5139981362511395,nan
random_slow_drift,19,overlap_damage,b1,True,0.6570328627323246,0.8909031788043871,0.9038707732211725,0.8052613450911218,1.0,0.0,0.3734988336078135,nan
random_slow_drift,19,overlap_damage,b2,False,0.8768953537329274,0.9241418199787566,0.9554375144376154,0.8829597634683574,1.0,0.0,0.510879498613925,nan
random_slow_drift,19,overlap_damage,b3,False,0.0,0.6224593312018546,0.9551719830476784,0.5945557137506071,0.0,0.0,0.5098430148124241,nan
random_slow_drift,20,overlap_damage,b0,False,0.0,0.6224593312018546,0.9600651160936423,0.5976014900738795,0.88,0.0,0.5299584810209507,nan
random_slow_drift,20,overlap_damage,b1,True,0.6570328627323246,0.8909031788043871,0.9083352614983152,0.8092387718889632,1.0,0.0,0.38224596115454373,nan
random_slow_drift,20,overlap_damage,b2,False,0.8768953537329274,0.9241418199787566,0.9594089261486941,0.8866299111149186,1.0,0.0,0.5271282010590824,nan
random_slow_drift,20,overlap_damage,b3,False,0.0,0.6224593312018546,0.9581467659119034,0.5964073951027433,0.0,0.0,0.5218053157536771,nan
random_slow_drift,21,overlap_damage,b0,False,0.0,0.6224593312018546,0.9562991431689695,0.5952573250858634,0.88,0.0,0.5142838443904607,nan
random_slow_drift,21,overlap_damage,b1,True,0.6570328627323246,0.8909031788043871,0.898973445932825,0.8008983006422876,1.0,0.0,0.3643116838091293,nan
random_slow_drift,21,overlap_damage,b2,False,0.8768953537329274,0.9241418199787566,0.9565729263407384,0.884009045090935,1.0,0.0,0.5153789942056821,nan
random_slow_drift,21,overlap_damage,b3,False,0.0,0.6224593312018546,0.9610493707540007,0.5982141485714985,0.0,0.0,0.5342884757655966,nan
random_slow_drift,22,overlap_damage,b0,False,0.0,0.6224593312018546,0.9547041346741342,0.5942644971649069,0.88,0.0,0.5080309551155261,nan
random_slow_drift,22,overlap_damage,b1,True,0.6570328627323246,0.8909031788043871,0.9266431897198563,0.8255493633388566,1.0,0.0,0.422705539371143,nan
random_slow_drift,22,overlap_damage,b2,False,0.8768953537329274,0.9241418199787566,0.9511714934937522,0.8790173551092282,1.0,0.0,0.49489668065101977,nan
random_slow_drift,22,overlap_damage,b3,False,0.0,0.6224593312018546,0.9543880090129104,0.5940677217972458,0.0,0.0,0.5068166107680426,nan
random_slow_drift,23,overlap_damage,b0,False,0.0,0.6224593312018546,0.9594356933185682,0.5972096999942637,0.88,0.0,0.5272427930022685,nan
random_slow_drift,23,overlap_damage,b1,True,0.6570328627323246,0.8909031788043871,0.9398857119393105,0.8373471684795561,1.0,0.0,0.4582517889047297,nan
random_slow_drift,23,overlap_damage,b2,False,0.8768953537329274,0.9241418199787566,0.9545763175909491,0.8821638954471192,1.0,0.0,0.5075389979220013,nan
random_slow_drift,23,overlap_damage,b3,False,0.0,0.6224593312018546,0.9595451280224162,0.5972778186468312,0.0,0.0,0.5277120444172345,nan
random_slow_drift,24,overlap_damage,b0,False,0.0,0.6224593312018546,0.966990986207983,0.6019125625532429,0.88,0.0,0.5629014174383226,nan
random_slow_drift,24,overlap_damage,b1,True,0.6570328627323246,0.8909031788043871,0.9390838596147054,0.8366327956946338,1.0,0.0,0.4559011020043221,nan
random_slow_drift,24,overlap_damage,b2,False,0.8768953537329274,0.9241418199787566,0.9443697233033881,0.8727315548264278,1.0,0.0,0.47196502459352685,nan
random_slow_drift,24,overlap_damage,b3,False,0.0,0.6224593312018546,0.9563307980818568,0.5952770289817685,0.0,0.0,0.5144101307092667,nan
random_slow_drift,25,overlap_damage,b0,False,0.0,0.6224593312018546,0.9712610761002174,0.6045705198517349,0.88,0.0,0.586723811371237,nan
random_slow_drift,25,overlap_damage,b1,True,0.6570328627323246,0.8909031788043871,0.9254530898730872,0.8244890996022755,1.0,0.0,0.4198091418523649,nan
random_slow_drift,25,overlap_damage,b2,False,0.8768953537329274,0.9241418199787566,0.9446333714339878,0.8729752030896742,1.0,0.0,0.4728033076132084,nan
random_slow_drift,25,overlap_damage,b3,False,0.0,0.6224593312018546,0.9578899468159444,0.5962475356600329,0.0,0.0,0.5207410646928182,nan
random_slow_drift,26,overlap_damage,b0,False,0.0,0.6224593312018546,0.9699098146907048,0.6037294145784908,0.88,0.0,0.5788340072508952,nan
random_slow_drift,26,overlap_damage,b1,True,0.6570328627323246,0.8909031788043871,0.93260429192984,0.830860128246909,1.0,0.0,0.4378999415115673,nan
random_slow_drift,26,overlap_damage,b2,False,0.8768953537329274,0.9241418199787566,0.949017113154367,0.8770264021414622,1.0,0.0,0.48732280115137255,nan
random_slow_drift,26,overlap_damage,b3,False,0.0,0.6224593312018546,0.9698997040896904,0.6037231211405454,0.0,0.0,0.5787762776153365,nan
random_slow_drift,27,post_damage_probe,b0,False,0.8963342213635265,0.9241418199787566,0.9699098146907048,0.8963342213635265,1.0,0.0,0.5788340072508952,1.0
random_slow_drift,27,post_damage_probe,b1,True,0.6646881025975273,0.8909031788043871,0.93260429192984,0.830860128246909,1.0,0.0,0.4378999415115673,0.8
random_slow_drift,27,post_damage_probe,b2,False,0.0,0.6224593312018546,0.949017113154367,0.590724557553182,0.88,0.0,0.48732280115137255,0.0
random_slow_drift,27,post_damage_probe,b3,False,0.0,0.6224593312018546,0.9698997040896904,0.6037231211405454,0.0,0.0,0.5787762776153365,0.0
random_slow_drift,28,post_damage_probe,b0,False,0.0,0.6224593312018546,0.9699098146907048,0.6037294145784908,0.88,0.0,0.5788340072508952,0.0
random_slow_drift,28,post_damage_probe,b1,True,0.6646881025975273,0.8909031788043871,0.93260429192984,0.830860128246909,1.0,0.0,0.4378999415115673,0.8
random_slow_drift,28,post_damage_probe,b2,False,0.8770264021414622,0.9241418199787566,0.949017113154367,0.8770264021414622,1.0,0.0,0.48732280115137255,1.0
random_slow_drift,28,post_damage_probe,b3,False,0.0,0.6224593312018546,0.9698997040896904,0.6037231211405454,0.0,0.0,0.5787762776153365,0.0
random_slow_drift,29,post_rescue_probe,b0,False,0.9074507374319816,0.9241418199787566,0.9819388299653417,0.9074507374319816,1.0,0.0,0.6659607805456821,1.0
random_slow_drift,29,post_rescue_probe,b1,True,0.6620102847538839,0.8909031788043871,0.9288471246144799,0.8275128559423548,1.0,0.0,0.4281855715775001,0.8
random_slow_drift,29,post_rescue_probe,b2,False,0.0,0.6224593312018546,0.9666944696548514,0.6017279930578903,0.2785009760094021,0.0,0.5613598381627731,0.0
random_slow_drift,29,post_rescue_probe,b3,False,0.0,0.6224593312018546,0.9666432184992282,0.6016960912978377,0.0,0.0,0.5610947292076112,0.0
random_slow_drift,30,post_rescue_probe,b0,False,0.0,0.6224593312018546,0.9819388299653417,0.6112169873813582,0.88,0.0,0.6659607805456821,0.0
random_slow_drift,30,post_rescue_probe,b1,True,0.6620102847538839,0.8909031788043871,0.9288471246144799,0.8275128559423548,1.0,0.0,0.4281855715775001,0.8
random_slow_drift,30,post_rescue_probe,b2,False,0.8933627865502333,0.9241418199787566,0.9666944696548514,0.8933627865502333,1.0,0.0,0.5613598381627731,1.0
random_slow_drift,30,post_rescue_probe,b3,False,0.0,0.6224593312018546,0.9666432184992282,0.6016960912978377,0.0,0.0,0.5610947292076112,0.0
