path,day,vr_trial_info_found,n_trials,n_valid,n_left,n_right,n_mismatch,mismatch_rate,flagged,note,group,subject_id,session
I:\AAA_PYTHON_REPOS_BACKUP\cytodendkeylock\data\dandi\raw\001710\sub-Cre-1\sub-Cre-1_ses-ymaze-day0-scan0-novel-arm-1_behavior+ophys.nwb,0,True,124,124,22,102,0,,False,vr_trial_info found but contained no parseable arm labels.,Cre,Cre-1,sub-Cre-1_ses-ymaze-day0-scan0-novel-arm-1_behavior+ophys.nwb
I:\AAA_PYTHON_REPOS_BACKUP\cytodendkeylock\data\dandi\raw\001710\sub-Cre-1\sub-Cre-1_ses-ymaze-day1-scan0-novel-arm-1_behavior+ophys.nwb,1,True,124,124,16,108,0,,False,vr_trial_info found but contained no parseable arm labels.,Cre,Cre-1,sub-Cre-1_ses-ymaze-day1-scan0-novel-arm-1_behavior+ophys.nwb
I:\AAA_PYTHON_REPOS_BACKUP\cytodendkeylock\data\dandi\raw\001710\sub-Cre-1\sub-Cre-1_ses-ymaze-day2-scan0-novel-arm-1_behavior+ophys.nwb,2,True,136,136,20,116,0,,False,vr_trial_info found but contained no parseable arm labels.,Cre,Cre-1,sub-Cre-1_ses-ymaze-day2-scan0-novel-arm-1_behavior+ophys.nwb
I:\AAA_PYTHON_REPOS_BACKUP\cytodendkeylock\data\dandi\raw\001710\sub-Cre-1\sub-Cre-1_ses-ymaze-day3-scan0-novel-arm-1_behavior+ophys.nwb,3,True,139,139,20,119,0,,False,vr_trial_info found but contained no parseable arm labels.,Cre,Cre-1,sub-Cre-1_ses-ymaze-day3-scan0-novel-arm-1_behavior+ophys.nwb
I:\AAA_PYTHON_REPOS_BACKUP\cytodendkeylock\data\dandi\raw\001710\sub-Cre-1\sub-Cre-1_ses-ymaze-day4-scan0-novel-arm-1_behavior+ophys.nwb,4,True,140,140,21,119,0,,False,vr_trial_info found but contained no parseable arm labels.,Cre,Cre-1,sub-Cre-1_ses-ymaze-day4-scan0-novel-arm-1_behavior+ophys.nwb
I:\AAA_PYTHON_REPOS_BACKUP\cytodendkeylock\data\dandi\raw\001710\sub-Cre-1\sub-Cre-1_ses-ymaze-day5-scan0-novel-arm-1_behavior+ophys.nwb,5,True,139,139,68,71,0,,False,vr_trial_info found but contained no parseable arm labels.,Cre,Cre-1,sub-Cre-1_ses-ymaze-day5-scan0-novel-arm-1_behavior+ophys.nwb
I:\AAA_PYTHON_REPOS_BACKUP\cytodendkeylock\data\dandi\raw\001710\sub-Cre-2\sub-Cre-2_ses-ymaze-day0-scan0-novel-arm1_behavior+ophys.nwb,0,True,139,139,121,18,0,,False,vr_trial_info found but contained no parseable arm labels.,Cre,Cre-2,sub-Cre-2_ses-ymaze-day0-scan0-novel-arm1_behavior+ophys.nwb
I:\AAA_PYTHON_REPOS_BACKUP\cytodendkeylock\data\dandi\raw\001710\sub-Cre-2\sub-Cre-2_ses-ymaze-day1-scan0-novel-arm1_behavior+ophys.nwb,1,True,124,124,109,15,0,,False,vr_trial_info found but contained no parseable arm labels.,Cre,Cre-2,sub-Cre-2_ses-ymaze-day1-scan0-novel-arm1_behavior+ophys.nwb
I:\AAA_PYTHON_REPOS_BACKUP\cytodendkeylock\data\dandi\raw\001710\sub-Cre-2\sub-Cre-2_ses-ymaze-day2-scan0-novel-arm1_behavior+ophys.nwb,2,True,109,109,100,9,0,,False,vr_trial_info found but contained no parseable arm labels.,Cre,Cre-2,sub-Cre-2_ses-ymaze-day2-scan0-novel-arm1_behavior+ophys.nwb
I:\AAA_PYTHON_REPOS_BACKUP\cytodendkeylock\data\dandi\raw\001710\sub-Cre-2\sub-Cre-2_ses-ymaze-day3-scan0-novel-arm1_behavior+ophys.nwb,3,True,84,84,77,7,0,,False,vr_trial_info found but contained no parseable arm labels.,Cre,Cre-2,sub-Cre-2_ses-ymaze-day3-scan0-novel-arm1_behavior+ophys.nwb
I:\AAA_PYTHON_REPOS_BACKUP\cytodendkeylock\data\dandi\raw\001710\sub-Cre-2\sub-Cre-2_ses-ymaze-day4-scan0-novel-arm1_behavior+ophys.nwb,4,True,117,117,102,15,0,,False,vr_trial_info found but contained no parseable arm labels.,Cre,Cre-2,sub-Cre-2_ses-ymaze-day4-scan0-novel-arm1_behavior+ophys.nwb
I:\AAA_PYTHON_REPOS_BACKUP\cytodendkeylock\data\dandi\raw\001710\sub-Cre-2\sub-Cre-2_ses-ymaze-day5-scan0-novel-arm1_behavior+ophys.nwb,5,True,133,133,71,62,0,,False,vr_trial_info found but contained no parseable arm labels.,Cre,Cre-2,sub-Cre-2_ses-ymaze-day5-scan0-novel-arm1_behavior+ophys.nwb
I:\AAA_PYTHON_REPOS_BACKUP\cytodendkeylock\data\dandi\raw\001710\sub-Cre-3\sub-Cre-3_ses-ymaze-day0-scan0-novel-arm-1_behavior+ophys.nwb,0,True,102,102,17,85,0,,False,vr_trial_info found but contained no parseable arm labels.,Cre,Cre-3,sub-Cre-3_ses-ymaze-day0-scan0-novel-arm-1_behavior+ophys.nwb
I:\AAA_PYTHON_REPOS_BACKUP\cytodendkeylock\data\dandi\raw\001710\sub-Cre-3\sub-Cre-3_ses-ymaze-day1-scan0-novel-arm-1_behavior+ophys.nwb,1,True,96,96,15,81,0,,False,vr_trial_info found but contained no parseable arm labels.,Cre,Cre-3,sub-Cre-3_ses-ymaze-day1-scan0-novel-arm-1_behavior+ophys.nwb
I:\AAA_PYTHON_REPOS_BACKUP\cytodendkeylock\data\dandi\raw\001710\sub-Cre-3\sub-Cre-3_ses-ymaze-day2-scan0-novel-arm-1_behavior+ophys.nwb,2,True,77,77,7,70,0,,False,vr_trial_info found but contained no parseable arm labels.,Cre,Cre-3,sub-Cre-3_ses-ymaze-day2-scan0-novel-arm-1_behavior+ophys.nwb
I:\AAA_PYTHON_REPOS_BACKUP\cytodendkeylock\data\dandi\raw\001710\sub-Cre-3\sub-Cre-3_ses-ymaze-day3-scan0-novel-arm-1_behavior+ophys.nwb,3,True,92,92,14,78,0,,False,vr_trial_info found but contained no parseable arm labels.,Cre,Cre-3,sub-Cre-3_ses-ymaze-day3-scan0-novel-arm-1_behavior+ophys.nwb
I:\AAA_PYTHON_REPOS_BACKUP\cytodendkeylock\data\dandi\raw\001710\sub-Cre-3\sub-Cre-3_ses-ymaze-day4-scan0-novel-arm-1_behavior+ophys.nwb,4,True,93,93,11,82,0,,False,vr_trial_info found but contained no parseable arm labels.,Cre,Cre-3,sub-Cre-3_ses-ymaze-day4-scan0-novel-arm-1_behavior+ophys.nwb
I:\AAA_PYTHON_REPOS_BACKUP\cytodendkeylock\data\dandi\raw\001710\sub-Cre-3\sub-Cre-3_ses-ymaze-day5-scan0-novel-arm-1_behavior+ophys.nwb,5,True,78,78,38,40,0,,False,vr_trial_info found but contained no parseable arm labels.,Cre,Cre-3,sub-Cre-3_ses-ymaze-day5-scan0-novel-arm-1_behavior+ophys.nwb
I:\AAA_PYTHON_REPOS_BACKUP\cytodendkeylock\data\dandi\raw\001710\sub-Cre-4\sub-Cre-4_ses-ymaze-day0-scan0-novel-arm1_behavior+ophys.nwb,0,True,125,125,108,17,0,,False,vr_trial_info found but contained no parseable arm labels.,Cre,Cre-4,sub-Cre-4_ses-ymaze-day0-scan0-novel-arm1_behavior+ophys.nwb
I:\AAA_PYTHON_REPOS_BACKUP\cytodendkeylock\data\dandi\raw\001710\sub-Cre-4\sub-Cre-4_ses-ymaze-day1-scan0-novel-arm1_behavior+ophys.nwb,1,True,120,120,102,18,0,,False,vr_trial_info found but contained no parseable arm labels.,Cre,Cre-4,sub-Cre-4_ses-ymaze-day1-scan0-novel-arm1_behavior+ophys.nwb
I:\AAA_PYTHON_REPOS_BACKUP\cytodendkeylock\data\dandi\raw\001710\sub-Cre-4\sub-Cre-4_ses-ymaze-day2-scan0-novel-arm1_behavior+ophys.nwb,2,True,122,122,103,19,0,,False,vr_trial_info found but contained no parseable arm labels.,Cre,Cre-4,sub-Cre-4_ses-ymaze-day2-scan0-novel-arm1_behavior+ophys.nwb
I:\AAA_PYTHON_REPOS_BACKUP\cytodendkeylock\data\dandi\raw\001710\sub-Cre-4\sub-Cre-4_ses-ymaze-day3-scan0-novel-arm1_behavior+ophys.nwb,3,True,136,136,119,17,0,,False,vr_trial_info found but contained no parseable arm labels.,Cre,Cre-4,sub-Cre-4_ses-ymaze-day3-scan0-novel-arm1_behavior+ophys.nwb
I:\AAA_PYTHON_REPOS_BACKUP\cytodendkeylock\data\dandi\raw\001710\sub-Cre-4\sub-Cre-4_ses-ymaze-day4-scan0-novel-arm1_behavior+ophys.nwb,4,True,125,125,107,18,0,,False,vr_trial_info found but contained no parseable arm labels.,Cre,Cre-4,sub-Cre-4_ses-ymaze-day4-scan0-novel-arm1_behavior+ophys.nwb
I:\AAA_PYTHON_REPOS_BACKUP\cytodendkeylock\data\dandi\raw\001710\sub-Cre-4\sub-Cre-4_ses-ymaze-day5-scan0-novel-arm1_behavior+ophys.nwb,5,True,111,111,56,55,0,,False,vr_trial_info found but contained no parseable arm labels.,Cre,Cre-4,sub-Cre-4_ses-ymaze-day5-scan0-novel-arm1_behavior+ophys.nwb
I:\AAA_PYTHON_REPOS_BACKUP\cytodendkeylock\data\dandi\raw\001710\sub-Cre-5\sub-Cre-5_ses-ymaze-day0-scan0-novel-arm-1_behavior+ophys.nwb,0,True,55,55,7,48,0,,False,vr_trial_info found but contained no parseable arm labels.,Cre,Cre-5,sub-Cre-5_ses-ymaze-day0-scan0-novel-arm-1_behavior+ophys.nwb
I:\AAA_PYTHON_REPOS_BACKUP\cytodendkeylock\data\dandi\raw\001710\sub-Cre-5\sub-Cre-5_ses-ymaze-day1-scan0-novel-arm-1_behavior+ophys.nwb,1,True,64,64,6,58,0,,False,vr_trial_info found but contained no parseable arm labels.,Cre,Cre-5,sub-Cre-5_ses-ymaze-day1-scan0-novel-arm-1_behavior+ophys.nwb
I:\AAA_PYTHON_REPOS_BACKUP\cytodendkeylock\data\dandi\raw\001710\sub-Cre-5\sub-Cre-5_ses-ymaze-day2-scan0-novel-arm-1_behavior+ophys.nwb,2,True,45,45,7,38,0,,False,vr_trial_info found but contained no parseable arm labels.,Cre,Cre-5,sub-Cre-5_ses-ymaze-day2-scan0-novel-arm-1_behavior+ophys.nwb
I:\AAA_PYTHON_REPOS_BACKUP\cytodendkeylock\data\dandi\raw\001710\sub-Cre-5\sub-Cre-5_ses-ymaze-day3-scan0-novel-arm-1_behavior+ophys.nwb,3,True,59,59,10,49,0,,False,vr_trial_info found but contained no parseable arm labels.,Cre,Cre-5,sub-Cre-5_ses-ymaze-day3-scan0-novel-arm-1_behavior+ophys.nwb
I:\AAA_PYTHON_REPOS_BACKUP\cytodendkeylock\data\dandi\raw\001710\sub-Cre-5\sub-Cre-5_ses-ymaze-day4-scan0-novel-arm-1_behavior+ophys.nwb,4,True,38,38,6,32,0,,False,vr_trial_info found but contained no parseable arm labels.,Cre,Cre-5,sub-Cre-5_ses-ymaze-day4-scan0-novel-arm-1_behavior+ophys.nwb
I:\AAA_PYTHON_REPOS_BACKUP\cytodendkeylock\data\dandi\raw\001710\sub-Cre-5\sub-Cre-5_ses-ymaze-day5-scan0-novel-arm-1_behavior+ophys.nwb,5,True,74,74,38,36,0,,False,vr_trial_info found but contained no parseable arm labels.,Cre,Cre-5,sub-Cre-5_ses-ymaze-day5-scan0-novel-arm-1_behavior+ophys.nwb
I:\AAA_PYTHON_REPOS_BACKUP\cytodendkeylock\data\dandi\raw\001710\sub-Cre-6\sub-Cre-6_ses-ymaze-day0-scan0-novel-arm-1_behavior+ophys.nwb,0,True,139,139,19,120,0,,False,vr_trial_info found but contained no parseable arm labels.,Cre,Cre-6,sub-Cre-6_ses-ymaze-day0-scan0-novel-arm-1_behavior+ophys.nwb
I:\AAA_PYTHON_REPOS_BACKUP\cytodendkeylock\data\dandi\raw\001710\sub-Cre-6\sub-Cre-6_ses-ymaze-day1-scan0-novel-arm-1_behavior+ophys.nwb,1,True,127,127,19,108,0,,False,vr_trial_info found but contained no parseable arm labels.,Cre,Cre-6,sub-Cre-6_ses-ymaze-day1-scan0-novel-arm-1_behavior+ophys.nwb
I:\AAA_PYTHON_REPOS_BACKUP\cytodendkeylock\data\dandi\raw\001710\sub-Cre-6\sub-Cre-6_ses-ymaze-day2-scan0-novel-arm-1_behavior+ophys.nwb,2,True,131,131,21,110,0,,False,vr_trial_info found but contained no parseable arm labels.,Cre,Cre-6,sub-Cre-6_ses-ymaze-day2-scan0-novel-arm-1_behavior+ophys.nwb
I:\AAA_PYTHON_REPOS_BACKUP\cytodendkeylock\data\dandi\raw\001710\sub-Cre-6\sub-Cre-6_ses-ymaze-day3-scan0-novel-arm-1_behavior+ophys.nwb,3,True,136,136,21,115,0,,False,vr_trial_info found but contained no parseable arm labels.,Cre,Cre-6,sub-Cre-6_ses-ymaze-day3-scan0-novel-arm-1_behavior+ophys.nwb
I:\AAA_PYTHON_REPOS_BACKUP\cytodendkeylock\data\dandi\raw\001710\sub-Cre-6\sub-Cre-6_ses-ymaze-day4-scan0-novel-arm-1_behavior+ophys.nwb,4,True,58,58,7,51,0,,False,vr_trial_info found but contained no parseable arm labels.,Cre,Cre-6,sub-Cre-6_ses-ymaze-day4-scan0-novel-arm-1_behavior+ophys.nwb
I:\AAA_PYTHON_REPOS_BACKUP\cytodendkeylock\data\dandi\raw\001710\sub-Cre-6\sub-Cre-6_ses-ymaze-day5-scan0-novel-arm-1_behavior+ophys.nwb,5,True,108,108,58,50,0,,False,vr_trial_info found but contained no parseable arm labels.,Cre,Cre-6,sub-Cre-6_ses-ymaze-day5-scan0-novel-arm-1_behavior+ophys.nwb
I:\AAA_PYTHON_REPOS_BACKUP\cytodendkeylock\data\dandi\raw\001710\sub-Cre-7\sub-Cre-7_ses-ymaze-day0-scan0-novel-arm1_behavior+ophys.nwb,0,True,134,134,116,18,0,,False,vr_trial_info found but contained no parseable arm labels.,Cre,Cre-7,sub-Cre-7_ses-ymaze-day0-scan0-novel-arm1_behavior+ophys.nwb
I:\AAA_PYTHON_REPOS_BACKUP\cytodendkeylock\data\dandi\raw\001710\sub-Cre-7\sub-Cre-7_ses-ymaze-day1-scan0-novel-arm1_behavior+ophys.nwb,1,True,133,133,117,16,0,,False,vr_trial_info found but contained no parseable arm labels.,Cre,Cre-7,sub-Cre-7_ses-ymaze-day1-scan0-novel-arm1_behavior+ophys.nwb
I:\AAA_PYTHON_REPOS_BACKUP\cytodendkeylock\data\dandi\raw\001710\sub-Cre-7\sub-Cre-7_ses-ymaze-day2-scan0-novel-arm1_behavior+ophys.nwb,2,True,114,114,104,10,0,,False,vr_trial_info found but contained no parseable arm labels.,Cre,Cre-7,sub-Cre-7_ses-ymaze-day2-scan0-novel-arm1_behavior+ophys.nwb
I:\AAA_PYTHON_REPOS_BACKUP\cytodendkeylock\data\dandi\raw\001710\sub-Cre-7\sub-Cre-7_ses-ymaze-day4-scan0-novel-arm1_behavior+ophys.nwb,4,True,64,64,58,6,0,,False,vr_trial_info found but contained no parseable arm labels.,Cre,Cre-7,sub-Cre-7_ses-ymaze-day4-scan0-novel-arm1_behavior+ophys.nwb
I:\AAA_PYTHON_REPOS_BACKUP\cytodendkeylock\data\dandi\raw\001710\sub-Cre-7\sub-Cre-7_ses-ymaze-day5-scan0-novel-arm1_behavior+ophys.nwb,5,True,106,106,53,53,0,,False,vr_trial_info found but contained no parseable arm labels.,Cre,Cre-7,sub-Cre-7_ses-ymaze-day5-scan0-novel-arm1_behavior+ophys.nwb
I:\AAA_PYTHON_REPOS_BACKUP\cytodendkeylock\data\dandi\raw\001710\sub-Ctrl-1\sub-Ctrl-1_ses-ymaze-day0-scan0-novel-arm-1_behavior+ophys.nwb,0,True,139,139,19,120,0,,False,vr_trial_info found but contained no parseable arm labels.,Ctrl,Ctrl-1,sub-Ctrl-1_ses-ymaze-day0-scan0-novel-arm-1_behavior+ophys.nwb
I:\AAA_PYTHON_REPOS_BACKUP\cytodendkeylock\data\dandi\raw\001710\sub-Ctrl-1\sub-Ctrl-1_ses-ymaze-day1-scan0-novel-arm-1_behavior+ophys.nwb,1,True,140,140,21,119,0,,False,vr_trial_info found but contained no parseable arm labels.,Ctrl,Ctrl-1,sub-Ctrl-1_ses-ymaze-day1-scan0-novel-arm-1_behavior+ophys.nwb
I:\AAA_PYTHON_REPOS_BACKUP\cytodendkeylock\data\dandi\raw\001710\sub-Ctrl-1\sub-Ctrl-1_ses-ymaze-day2-scan0-novel-arm-1_behavior+ophys.nwb,2,True,140,140,21,119,0,,False,vr_trial_info found but contained no parseable arm labels.,Ctrl,Ctrl-1,sub-Ctrl-1_ses-ymaze-day2-scan0-novel-arm-1_behavior+ophys.nwb
I:\AAA_PYTHON_REPOS_BACKUP\cytodendkeylock\data\dandi\raw\001710\sub-Ctrl-1\sub-Ctrl-1_ses-ymaze-day3-scan0-novel-arm-1_behavior+ophys.nwb,3,True,140,140,19,121,0,,False,vr_trial_info found but contained no parseable arm labels.,Ctrl,Ctrl-1,sub-Ctrl-1_ses-ymaze-day3-scan0-novel-arm-1_behavior+ophys.nwb
I:\AAA_PYTHON_REPOS_BACKUP\cytodendkeylock\data\dandi\raw\001710\sub-Ctrl-1\sub-Ctrl-1_ses-ymaze-day4-scan0-novel-arm-1_behavior+ophys.nwb,4,True,139,139,21,118,0,,False,vr_trial_info found but contained no parseable arm labels.,Ctrl,Ctrl-1,sub-Ctrl-1_ses-ymaze-day4-scan0-novel-arm-1_behavior+ophys.nwb
I:\AAA_PYTHON_REPOS_BACKUP\cytodendkeylock\data\dandi\raw\001710\sub-Ctrl-1\sub-Ctrl-1_ses-ymaze-day5-scan0-novel-arm-1_behavior+ophys.nwb,5,True,140,140,76,64,0,,False,vr_trial_info found but contained no parseable arm labels.,Ctrl,Ctrl-1,sub-Ctrl-1_ses-ymaze-day5-scan0-novel-arm-1_behavior+ophys.nwb
I:\AAA_PYTHON_REPOS_BACKUP\cytodendkeylock\data\dandi\raw\001710\sub-Ctrl-2\sub-Ctrl-2_ses-ymaze-day1-scan0-novel-arm1_behavior+ophys.nwb,1,True,140,140,121,19,0,,False,vr_trial_info found but contained no parseable arm labels.,Ctrl,Ctrl-2,sub-Ctrl-2_ses-ymaze-day1-scan0-novel-arm1_behavior+ophys.nwb
I:\AAA_PYTHON_REPOS_BACKUP\cytodendkeylock\data\dandi\raw\001710\sub-Ctrl-2\sub-Ctrl-2_ses-ymaze-day3-scan0-novel-arm1_behavior+ophys.nwb,3,True,20,20,20,0,0,,False,vr_trial_info found but contained no parseable arm labels.,Ctrl,Ctrl-2,sub-Ctrl-2_ses-ymaze-day3-scan0-novel-arm1_behavior+ophys.nwb
I:\AAA_PYTHON_REPOS_BACKUP\cytodendkeylock\data\dandi\raw\001710\sub-Ctrl-2\sub-Ctrl-2_ses-ymaze-day3-scan1-novel-arm1_behavior+ophys.nwb,3,True,120,120,101,19,0,,False,vr_trial_info found but contained no parseable arm labels.,Ctrl,Ctrl-2,sub-Ctrl-2_ses-ymaze-day3-scan1-novel-arm1_behavior+ophys.nwb
I:\AAA_PYTHON_REPOS_BACKUP\cytodendkeylock\data\dandi\raw\001710\sub-Ctrl-2\sub-Ctrl-2_ses-ymaze-day4-scan0-novel-arm1_behavior+ophys.nwb,4,True,140,140,121,19,0,,False,vr_trial_info found but contained no parseable arm labels.,Ctrl,Ctrl-2,sub-Ctrl-2_ses-ymaze-day4-scan0-novel-arm1_behavior+ophys.nwb
I:\AAA_PYTHON_REPOS_BACKUP\cytodendkeylock\data\dandi\raw\001710\sub-Ctrl-2\sub-Ctrl-2_ses-ymaze-day5-scan0-novel-arm1_behavior+ophys.nwb,5,True,140,140,70,70,0,,False,vr_trial_info found but contained no parseable arm labels.,Ctrl,Ctrl-2,sub-Ctrl-2_ses-ymaze-day5-scan0-novel-arm1_behavior+ophys.nwb
I:\AAA_PYTHON_REPOS_BACKUP\cytodendkeylock\data\dandi\raw\001710\sub-Ctrl-3\sub-Ctrl-3_ses-ymaze-day0-scan0-novel-arm-1_behavior+ophys.nwb,0,True,138,138,20,118,0,,False,vr_trial_info found but contained no parseable arm labels.,Ctrl,Ctrl-3,sub-Ctrl-3_ses-ymaze-day0-scan0-novel-arm-1_behavior+ophys.nwb
I:\AAA_PYTHON_REPOS_BACKUP\cytodendkeylock\data\dandi\raw\001710\sub-Ctrl-3\sub-Ctrl-3_ses-ymaze-day1-scan0-novel-arm-1_behavior+ophys.nwb,1,True,128,128,16,112,0,,False,vr_trial_info found but contained no parseable arm labels.,Ctrl,Ctrl-3,sub-Ctrl-3_ses-ymaze-day1-scan0-novel-arm-1_behavior+ophys.nwb
I:\AAA_PYTHON_REPOS_BACKUP\cytodendkeylock\data\dandi\raw\001710\sub-Ctrl-3\sub-Ctrl-3_ses-ymaze-day2-scan0-novel-arm-1_behavior+ophys.nwb,2,True,139,139,20,119,0,,False,vr_trial_info found but contained no parseable arm labels.,Ctrl,Ctrl-3,sub-Ctrl-3_ses-ymaze-day2-scan0-novel-arm-1_behavior+ophys.nwb
I:\AAA_PYTHON_REPOS_BACKUP\cytodendkeylock\data\dandi\raw\001710\sub-Ctrl-3\sub-Ctrl-3_ses-ymaze-day3-scan0-novel-arm-1_behavior+ophys.nwb,3,True,140,140,20,120,0,,False,vr_trial_info found but contained no parseable arm labels.,Ctrl,Ctrl-3,sub-Ctrl-3_ses-ymaze-day3-scan0-novel-arm-1_behavior+ophys.nwb
I:\AAA_PYTHON_REPOS_BACKUP\cytodendkeylock\data\dandi\raw\001710\sub-Ctrl-3\sub-Ctrl-3_ses-ymaze-day4-scan0-novel-arm-1_behavior+ophys.nwb,4,True,140,140,20,120,0,,False,vr_trial_info found but contained no parseable arm labels.,Ctrl,Ctrl-3,sub-Ctrl-3_ses-ymaze-day4-scan0-novel-arm-1_behavior+ophys.nwb
I:\AAA_PYTHON_REPOS_BACKUP\cytodendkeylock\data\dandi\raw\001710\sub-Ctrl-3\sub-Ctrl-3_ses-ymaze-day5-scan0-novel-arm-1_behavior+ophys.nwb,5,True,140,140,77,63,0,,False,vr_trial_info found but contained no parseable arm labels.,Ctrl,Ctrl-3,sub-Ctrl-3_ses-ymaze-day5-scan0-novel-arm-1_behavior+ophys.nwb
I:\AAA_PYTHON_REPOS_BACKUP\cytodendkeylock\data\dandi\raw\001710\sub-Ctrl-4\sub-Ctrl-4_ses-ymaze-day0-scan0-novel-arm1_behavior+ophys.nwb,0,True,100,100,81,19,0,,False,vr_trial_info found but contained no parseable arm labels.,Ctrl,Ctrl-4,sub-Ctrl-4_ses-ymaze-day0-scan0-novel-arm1_behavior+ophys.nwb
I:\AAA_PYTHON_REPOS_BACKUP\cytodendkeylock\data\dandi\raw\001710\sub-Ctrl-4\sub-Ctrl-4_ses-ymaze-day1-scan0-novel-arm1_behavior+ophys.nwb,1,True,36,36,36,0,0,,False,vr_trial_info found but contained no parseable arm labels.,Ctrl,Ctrl-4,sub-Ctrl-4_ses-ymaze-day1-scan0-novel-arm1_behavior+ophys.nwb
I:\AAA_PYTHON_REPOS_BACKUP\cytodendkeylock\data\dandi\raw\001710\sub-Ctrl-4\sub-Ctrl-4_ses-ymaze-day1-scan1-novel-arm1_behavior+ophys.nwb,1,True,100,100,82,18,0,,False,vr_trial_info found but contained no parseable arm labels.,Ctrl,Ctrl-4,sub-Ctrl-4_ses-ymaze-day1-scan1-novel-arm1_behavior+ophys.nwb
I:\AAA_PYTHON_REPOS_BACKUP\cytodendkeylock\data\dandi\raw\001710\sub-Ctrl-4\sub-Ctrl-4_ses-ymaze-day3-scan0-novel-arm1_behavior+ophys.nwb,3,True,140,140,121,19,0,,False,vr_trial_info found but contained no parseable arm labels.,Ctrl,Ctrl-4,sub-Ctrl-4_ses-ymaze-day3-scan0-novel-arm1_behavior+ophys.nwb
I:\AAA_PYTHON_REPOS_BACKUP\cytodendkeylock\data\dandi\raw\001710\sub-Ctrl-4\sub-Ctrl-4_ses-ymaze-day4-scan0-novel-arm1_behavior+ophys.nwb,4,True,139,139,120,19,0,,False,vr_trial_info found but contained no parseable arm labels.,Ctrl,Ctrl-4,sub-Ctrl-4_ses-ymaze-day4-scan0-novel-arm1_behavior+ophys.nwb
I:\AAA_PYTHON_REPOS_BACKUP\cytodendkeylock\data\dandi\raw\001710\sub-Ctrl-4\sub-Ctrl-4_ses-ymaze-day5-scan0-novel-arm1_behavior+ophys.nwb,5,True,139,139,75,64,0,,False,vr_trial_info found but contained no parseable arm labels.,Ctrl,Ctrl-4,sub-Ctrl-4_ses-ymaze-day5-scan0-novel-arm1_behavior+ophys.nwb
I:\AAA_PYTHON_REPOS_BACKUP\cytodendkeylock\data\dandi\raw\001710\sub-Ctrl-5\sub-Ctrl-5_ses-ymaze-day0-scan0-novel-arm-1_behavior+ophys.nwb,0,True,140,140,19,121,0,,False,vr_trial_info found but contained no parseable arm labels.,Ctrl,Ctrl-5,sub-Ctrl-5_ses-ymaze-day0-scan0-novel-arm-1_behavior+ophys.nwb
I:\AAA_PYTHON_REPOS_BACKUP\cytodendkeylock\data\dandi\raw\001710\sub-Ctrl-5\sub-Ctrl-5_ses-ymaze-day1-scan0-novel-arm-1_behavior+ophys.nwb,1,True,140,140,19,121,0,,False,vr_trial_info found but contained no parseable arm labels.,Ctrl,Ctrl-5,sub-Ctrl-5_ses-ymaze-day1-scan0-novel-arm-1_behavior+ophys.nwb
I:\AAA_PYTHON_REPOS_BACKUP\cytodendkeylock\data\dandi\raw\001710\sub-Ctrl-5\sub-Ctrl-5_ses-ymaze-day2-scan0-novel-arm-1_behavior+ophys.nwb,2,True,140,140,21,119,0,,False,vr_trial_info found but contained no parseable arm labels.,Ctrl,Ctrl-5,sub-Ctrl-5_ses-ymaze-day2-scan0-novel-arm-1_behavior+ophys.nwb
I:\AAA_PYTHON_REPOS_BACKUP\cytodendkeylock\data\dandi\raw\001710\sub-Ctrl-5\sub-Ctrl-5_ses-ymaze-day3-scan0-novel-arm-1_behavior+ophys.nwb,3,True,140,140,19,121,0,,False,vr_trial_info found but contained no parseable arm labels.,Ctrl,Ctrl-5,sub-Ctrl-5_ses-ymaze-day3-scan0-novel-arm-1_behavior+ophys.nwb
I:\AAA_PYTHON_REPOS_BACKUP\cytodendkeylock\data\dandi\raw\001710\sub-Ctrl-5\sub-Ctrl-5_ses-ymaze-day4-scan0-novel-arm-1_behavior+ophys.nwb,4,True,140,140,21,119,0,,False,vr_trial_info found but contained no parseable arm labels.,Ctrl,Ctrl-5,sub-Ctrl-5_ses-ymaze-day4-scan0-novel-arm-1_behavior+ophys.nwb
I:\AAA_PYTHON_REPOS_BACKUP\cytodendkeylock\data\dandi\raw\001710\sub-Ctrl-5\sub-Ctrl-5_ses-ymaze-day5-scan0-novel-arm-1_behavior+ophys.nwb,5,True,140,140,70,70,0,,False,vr_trial_info found but contained no parseable arm labels.,Ctrl,Ctrl-5,sub-Ctrl-5_ses-ymaze-day5-scan0-novel-arm-1_behavior+ophys.nwb
I:\AAA_PYTHON_REPOS_BACKUP\cytodendkeylock\data\dandi\raw\001710\sub-Ctrl-6\sub-Ctrl-6_ses-ymaze-day0-scan0-novel-arm1_behavior+ophys.nwb,0,True,140,140,120,20,0,,False,vr_trial_info found but contained no parseable arm labels.,Ctrl,Ctrl-6,sub-Ctrl-6_ses-ymaze-day0-scan0-novel-arm1_behavior+ophys.nwb
I:\AAA_PYTHON_REPOS_BACKUP\cytodendkeylock\data\dandi\raw\001710\sub-Ctrl-6\sub-Ctrl-6_ses-ymaze-day1-scan0-novel-arm1_behavior+ophys.nwb,1,True,140,140,120,20,0,,False,vr_trial_info found but contained no parseable arm labels.,Ctrl,Ctrl-6,sub-Ctrl-6_ses-ymaze-day1-scan0-novel-arm1_behavior+ophys.nwb
I:\AAA_PYTHON_REPOS_BACKUP\cytodendkeylock\data\dandi\raw\001710\sub-Ctrl-6\sub-Ctrl-6_ses-ymaze-day2-scan0-novel-arm1_behavior+ophys.nwb,2,True,140,140,122,18,0,,False,vr_trial_info found but contained no parseable arm labels.,Ctrl,Ctrl-6,sub-Ctrl-6_ses-ymaze-day2-scan0-novel-arm1_behavior+ophys.nwb
I:\AAA_PYTHON_REPOS_BACKUP\cytodendkeylock\data\dandi\raw\001710\sub-Ctrl-6\sub-Ctrl-6_ses-ymaze-day3-scan0-novel-arm1_behavior+ophys.nwb,3,True,140,140,121,19,0,,False,vr_trial_info found but contained no parseable arm labels.,Ctrl,Ctrl-6,sub-Ctrl-6_ses-ymaze-day3-scan0-novel-arm1_behavior+ophys.nwb
I:\AAA_PYTHON_REPOS_BACKUP\cytodendkeylock\data\dandi\raw\001710\sub-Ctrl-6\sub-Ctrl-6_ses-ymaze-day4-scan0-novel-arm1_behavior+ophys.nwb,4,True,140,140,122,18,0,,False,vr_trial_info found but contained no parseable arm labels.,Ctrl,Ctrl-6,sub-Ctrl-6_ses-ymaze-day4-scan0-novel-arm1_behavior+ophys.nwb
I:\AAA_PYTHON_REPOS_BACKUP\cytodendkeylock\data\dandi\raw\001710\sub-Ctrl-6\sub-Ctrl-6_ses-ymaze-day5-scan0-novel-arm1_behavior+ophys.nwb,5,True,140,140,83,57,0,,False,vr_trial_info found but contained no parseable arm labels.,Ctrl,Ctrl-6,sub-Ctrl-6_ses-ymaze-day5-scan0-novel-arm1_behavior+ophys.nwb
I:\AAA_PYTHON_REPOS_BACKUP\cytodendkeylock\data\dandi\raw\001710\sub-Ctrl-7\sub-Ctrl-7_ses-ymaze-day0-scan0-novel-arm-1_behavior+ophys.nwb,0,True,140,140,20,120,0,,False,vr_trial_info found but contained no parseable arm labels.,Ctrl,Ctrl-7,sub-Ctrl-7_ses-ymaze-day0-scan0-novel-arm-1_behavior+ophys.nwb
I:\AAA_PYTHON_REPOS_BACKUP\cytodendkeylock\data\dandi\raw\001710\sub-Ctrl-7\sub-Ctrl-7_ses-ymaze-day1-scan0-novel-arm-1_behavior+ophys.nwb,1,True,140,140,20,120,0,,False,vr_trial_info found but contained no parseable arm labels.,Ctrl,Ctrl-7,sub-Ctrl-7_ses-ymaze-day1-scan0-novel-arm-1_behavior+ophys.nwb
I:\AAA_PYTHON_REPOS_BACKUP\cytodendkeylock\data\dandi\raw\001710\sub-Ctrl-7\sub-Ctrl-7_ses-ymaze-day2-scan0-novel-arm-1_behavior+ophys.nwb,2,True,140,140,20,120,0,,False,vr_trial_info found but contained no parseable arm labels.,Ctrl,Ctrl-7,sub-Ctrl-7_ses-ymaze-day2-scan0-novel-arm-1_behavior+ophys.nwb
I:\AAA_PYTHON_REPOS_BACKUP\cytodendkeylock\data\dandi\raw\001710\sub-Ctrl-7\sub-Ctrl-7_ses-ymaze-day3-scan0-novel-arm-1_behavior+ophys.nwb,3,True,140,140,20,120,0,,False,vr_trial_info found but contained no parseable arm labels.,Ctrl,Ctrl-7,sub-Ctrl-7_ses-ymaze-day3-scan0-novel-arm-1_behavior+ophys.nwb
I:\AAA_PYTHON_REPOS_BACKUP\cytodendkeylock\data\dandi\raw\001710\sub-Ctrl-7\sub-Ctrl-7_ses-ymaze-day4-scan0-novel-arm-1_behavior+ophys.nwb,4,True,140,140,19,121,0,,False,vr_trial_info found but contained no parseable arm labels.,Ctrl,Ctrl-7,sub-Ctrl-7_ses-ymaze-day4-scan0-novel-arm-1_behavior+ophys.nwb
I:\AAA_PYTHON_REPOS_BACKUP\cytodendkeylock\data\dandi\raw\001710\sub-Ctrl-7\sub-Ctrl-7_ses-ymaze-day5-scan0-novel-arm-1_behavior+ophys.nwb,5,True,140,140,65,75,0,,False,vr_trial_info found but contained no parseable arm labels.,Ctrl,Ctrl-7,sub-Ctrl-7_ses-ymaze-day5-scan0-novel-arm-1_behavior+ophys.nwb
I:\AAA_PYTHON_REPOS_BACKUP\cytodendkeylock\data\dandi\raw\001710\sub-Ctrl-8\sub-Ctrl-8_ses-ymaze-day0-scan0-novel-arm1_behavior+ophys.nwb,0,True,140,140,122,18,0,,False,vr_trial_info found but contained no parseable arm labels.,Ctrl,Ctrl-8,sub-Ctrl-8_ses-ymaze-day0-scan0-novel-arm1_behavior+ophys.nwb
I:\AAA_PYTHON_REPOS_BACKUP\cytodendkeylock\data\dandi\raw\001710\sub-Ctrl-8\sub-Ctrl-8_ses-ymaze-day1-scan0-novel-arm1_behavior+ophys.nwb,1,True,140,140,121,19,0,,False,vr_trial_info found but contained no parseable arm labels.,Ctrl,Ctrl-8,sub-Ctrl-8_ses-ymaze-day1-scan0-novel-arm1_behavior+ophys.nwb
I:\AAA_PYTHON_REPOS_BACKUP\cytodendkeylock\data\dandi\raw\001710\sub-Ctrl-8\sub-Ctrl-8_ses-ymaze-day2-scan0-novel-arm1_behavior+ophys.nwb,2,True,140,140,121,19,0,,False,vr_trial_info found but contained no parseable arm labels.,Ctrl,Ctrl-8,sub-Ctrl-8_ses-ymaze-day2-scan0-novel-arm1_behavior+ophys.nwb
I:\AAA_PYTHON_REPOS_BACKUP\cytodendkeylock\data\dandi\raw\001710\sub-Ctrl-8\sub-Ctrl-8_ses-ymaze-day3-scan0-novel-arm1_behavior+ophys.nwb,3,True,138,138,120,18,0,,False,vr_trial_info found but contained no parseable arm labels.,Ctrl,Ctrl-8,sub-Ctrl-8_ses-ymaze-day3-scan0-novel-arm1_behavior+ophys.nwb
I:\AAA_PYTHON_REPOS_BACKUP\cytodendkeylock\data\dandi\raw\001710\sub-Ctrl-8\sub-Ctrl-8_ses-ymaze-day4-scan0-novel-arm1_behavior+ophys.nwb,4,True,140,140,122,18,0,,False,vr_trial_info found but contained no parseable arm labels.,Ctrl,Ctrl-8,sub-Ctrl-8_ses-ymaze-day4-scan0-novel-arm1_behavior+ophys.nwb
I:\AAA_PYTHON_REPOS_BACKUP\cytodendkeylock\data\dandi\raw\001710\sub-Ctrl-8\sub-Ctrl-8_ses-ymaze-day5-scan0-novel-arm1_behavior+ophys.nwb,5,True,140,140,76,64,0,,False,vr_trial_info found but contained no parseable arm labels.,Ctrl,Ctrl-8,sub-Ctrl-8_ses-ymaze-day5-scan0-novel-arm1_behavior+ophys.nwb
I:\AAA_PYTHON_REPOS_BACKUP\cytodendkeylock\data\dandi\raw\001710\sub-Ctrl-9\sub-Ctrl-9_ses-ymaze-day0-scan0-novel-arm-1_behavior+ophys.nwb,0,True,140,140,21,119,0,,False,vr_trial_info found but contained no parseable arm labels.,Ctrl,Ctrl-9,sub-Ctrl-9_ses-ymaze-day0-scan0-novel-arm-1_behavior+ophys.nwb
I:\AAA_PYTHON_REPOS_BACKUP\cytodendkeylock\data\dandi\raw\001710\sub-Ctrl-9\sub-Ctrl-9_ses-ymaze-day1-scan0-novel-arm-1_behavior+ophys.nwb,1,True,140,140,19,121,0,,False,vr_trial_info found but contained no parseable arm labels.,Ctrl,Ctrl-9,sub-Ctrl-9_ses-ymaze-day1-scan0-novel-arm-1_behavior+ophys.nwb
I:\AAA_PYTHON_REPOS_BACKUP\cytodendkeylock\data\dandi\raw\001710\sub-Ctrl-9\sub-Ctrl-9_ses-ymaze-day2-scan0-novel-arm-1_behavior+ophys.nwb,2,True,140,140,20,120,0,,False,vr_trial_info found but contained no parseable arm labels.,Ctrl,Ctrl-9,sub-Ctrl-9_ses-ymaze-day2-scan0-novel-arm-1_behavior+ophys.nwb
I:\AAA_PYTHON_REPOS_BACKUP\cytodendkeylock\data\dandi\raw\001710\sub-Ctrl-9\sub-Ctrl-9_ses-ymaze-day3-scan0-novel-arm-1_behavior+ophys.nwb,3,True,140,140,20,120,0,,False,vr_trial_info found but contained no parseable arm labels.,Ctrl,Ctrl-9,sub-Ctrl-9_ses-ymaze-day3-scan0-novel-arm-1_behavior+ophys.nwb
I:\AAA_PYTHON_REPOS_BACKUP\cytodendkeylock\data\dandi\raw\001710\sub-Ctrl-9\sub-Ctrl-9_ses-ymaze-day4-scan0-novel-arm-1_behavior+ophys.nwb,4,True,140,140,20,120,0,,False,vr_trial_info found but contained no parseable arm labels.,Ctrl,Ctrl-9,sub-Ctrl-9_ses-ymaze-day4-scan0-novel-arm-1_behavior+ophys.nwb
I:\AAA_PYTHON_REPOS_BACKUP\cytodendkeylock\data\dandi\raw\001710\sub-Ctrl-9\sub-Ctrl-9_ses-ymaze-day5-scan0-novel-arm-1_behavior+ophys.nwb,5,True,140,140,81,59,0,,False,vr_trial_info found but contained no parseable arm labels.,Ctrl,Ctrl-9,sub-Ctrl-9_ses-ymaze-day5-scan0-novel-arm-1_behavior+ophys.nwb
I:\AAA_PYTHON_REPOS_BACKUP\cytodendkeylock\data\dandi\raw\001710\sub-SparseKO-1\sub-SparseKO-1_ses-ymaze-day0-scan0-novel-arm-1_behavior+ophys.nwb,0,True,66,66,10,56,0,,False,vr_trial_info found but contained no parseable arm labels.,SparseKO,SparseKO-1,sub-SparseKO-1_ses-ymaze-day0-scan0-novel-arm-1_behavior+ophys.nwb
I:\AAA_PYTHON_REPOS_BACKUP\cytodendkeylock\data\dandi\raw\001710\sub-SparseKO-1\sub-SparseKO-1_ses-ymaze-day1-scan0-novel-arm-1_behavior+ophys.nwb,1,True,93,93,14,79,0,,False,vr_trial_info found but contained no parseable arm labels.,SparseKO,SparseKO-1,sub-SparseKO-1_ses-ymaze-day1-scan0-novel-arm-1_behavior+ophys.nwb
I:\AAA_PYTHON_REPOS_BACKUP\cytodendkeylock\data\dandi\raw\001710\sub-SparseKO-1\sub-SparseKO-1_ses-ymaze-day2-scan0-novel-arm-1_behavior+ophys.nwb,2,True,105,105,16,89,0,,False,vr_trial_info found but contained no parseable arm labels.,SparseKO,SparseKO-1,sub-SparseKO-1_ses-ymaze-day2-scan0-novel-arm-1_behavior+ophys.nwb
I:\AAA_PYTHON_REPOS_BACKUP\cytodendkeylock\data\dandi\raw\001710\sub-SparseKO-1\sub-SparseKO-1_ses-ymaze-day3-scan0-novel-arm-1_behavior+ophys.nwb,3,True,113,113,17,96,0,,False,vr_trial_info found but contained no parseable arm labels.,SparseKO,SparseKO-1,sub-SparseKO-1_ses-ymaze-day3-scan0-novel-arm-1_behavior+ophys.nwb
I:\AAA_PYTHON_REPOS_BACKUP\cytodendkeylock\data\dandi\raw\001710\sub-SparseKO-1\sub-SparseKO-1_ses-ymaze-day4-scan0-novel-arm-1_behavior+ophys.nwb,4,True,109,109,14,95,0,,False,vr_trial_info found but contained no parseable arm labels.,SparseKO,SparseKO-1,sub-SparseKO-1_ses-ymaze-day4-scan0-novel-arm-1_behavior+ophys.nwb
I:\AAA_PYTHON_REPOS_BACKUP\cytodendkeylock\data\dandi\raw\001710\sub-SparseKO-1\sub-SparseKO-1_ses-ymaze-day5-scan0-novel-arm-1_behavior+ophys.nwb,5,True,105,105,56,49,0,,False,vr_trial_info found but contained no parseable arm labels.,SparseKO,SparseKO-1,sub-SparseKO-1_ses-ymaze-day5-scan0-novel-arm-1_behavior+ophys.nwb
I:\AAA_PYTHON_REPOS_BACKUP\cytodendkeylock\data\dandi\raw\001710\sub-SparseKO-2\sub-SparseKO-2_ses-ymaze-day0-scan0-novel-arm1_behavior+ophys.nwb,0,True,132,132,115,17,0,,False,vr_trial_info found but contained no parseable arm labels.,SparseKO,SparseKO-2,sub-SparseKO-2_ses-ymaze-day0-scan0-novel-arm1_behavior+ophys.nwb
I:\AAA_PYTHON_REPOS_BACKUP\cytodendkeylock\data\dandi\raw\001710\sub-SparseKO-2\sub-SparseKO-2_ses-ymaze-day1-scan0-novel-arm1_behavior+ophys.nwb,1,True,122,122,105,17,0,,False,vr_trial_info found but contained no parseable arm labels.,SparseKO,SparseKO-2,sub-SparseKO-2_ses-ymaze-day1-scan0-novel-arm1_behavior+ophys.nwb
I:\AAA_PYTHON_REPOS_BACKUP\cytodendkeylock\data\dandi\raw\001710\sub-SparseKO-2\sub-SparseKO-2_ses-ymaze-day2-scan0-novel-arm1_behavior+ophys.nwb,2,True,125,125,107,18,0,,False,vr_trial_info found but contained no parseable arm labels.,SparseKO,SparseKO-2,sub-SparseKO-2_ses-ymaze-day2-scan0-novel-arm1_behavior+ophys.nwb
I:\AAA_PYTHON_REPOS_BACKUP\cytodendkeylock\data\dandi\raw\001710\sub-SparseKO-2\sub-SparseKO-2_ses-ymaze-day3-scan0-novel-arm1_behavior+ophys.nwb,3,True,135,135,116,19,0,,False,vr_trial_info found but contained no parseable arm labels.,SparseKO,SparseKO-2,sub-SparseKO-2_ses-ymaze-day3-scan0-novel-arm1_behavior+ophys.nwb
I:\AAA_PYTHON_REPOS_BACKUP\cytodendkeylock\data\dandi\raw\001710\sub-SparseKO-2\sub-SparseKO-2_ses-ymaze-day4-scan0-novel-arm1_behavior+ophys.nwb,4,True,119,119,101,18,0,,False,vr_trial_info found but contained no parseable arm labels.,SparseKO,SparseKO-2,sub-SparseKO-2_ses-ymaze-day4-scan0-novel-arm1_behavior+ophys.nwb
I:\AAA_PYTHON_REPOS_BACKUP\cytodendkeylock\data\dandi\raw\001710\sub-SparseKO-2\sub-SparseKO-2_ses-ymaze-day5-scan0-novel-arm1_behavior+ophys.nwb,5,True,134,134,67,67,0,,False,vr_trial_info found but contained no parseable arm labels.,SparseKO,SparseKO-2,sub-SparseKO-2_ses-ymaze-day5-scan0-novel-arm1_behavior+ophys.nwb
I:\AAA_PYTHON_REPOS_BACKUP\cytodendkeylock\data\dandi\raw\001710\sub-SparseKO-3\sub-SparseKO-3_ses-ymaze-day0-scan0-novel-arm-1_behavior+ophys.nwb,0,True,140,140,20,120,0,,False,vr_trial_info found but contained no parseable arm labels.,SparseKO,SparseKO-3,sub-SparseKO-3_ses-ymaze-day0-scan0-novel-arm-1_behavior+ophys.nwb
I:\AAA_PYTHON_REPOS_BACKUP\cytodendkeylock\data\dandi\raw\001710\sub-SparseKO-3\sub-SparseKO-3_ses-ymaze-day1-scan0-novel-arm-1_behavior+ophys.nwb,1,True,117,117,18,99,0,,False,vr_trial_info found but contained no parseable arm labels.,SparseKO,SparseKO-3,sub-SparseKO-3_ses-ymaze-day1-scan0-novel-arm-1_behavior+ophys.nwb
I:\AAA_PYTHON_REPOS_BACKUP\cytodendkeylock\data\dandi\raw\001710\sub-SparseKO-3\sub-SparseKO-3_ses-ymaze-day2-scan0-novel-arm-1_behavior+ophys.nwb,2,True,140,140,20,120,0,,False,vr_trial_info found but contained no parseable arm labels.,SparseKO,SparseKO-3,sub-SparseKO-3_ses-ymaze-day2-scan0-novel-arm-1_behavior+ophys.nwb
I:\AAA_PYTHON_REPOS_BACKUP\cytodendkeylock\data\dandi\raw\001710\sub-SparseKO-3\sub-SparseKO-3_ses-ymaze-day3-scan0-novel-arm-1_behavior+ophys.nwb,3,True,140,140,21,119,0,,False,vr_trial_info found but contained no parseable arm labels.,SparseKO,SparseKO-3,sub-SparseKO-3_ses-ymaze-day3-scan0-novel-arm-1_behavior+ophys.nwb
I:\AAA_PYTHON_REPOS_BACKUP\cytodendkeylock\data\dandi\raw\001710\sub-SparseKO-3\sub-SparseKO-3_ses-ymaze-day4-scan0-novel-arm-1_behavior+ophys.nwb,4,True,140,140,20,120,0,,False,vr_trial_info found but contained no parseable arm labels.,SparseKO,SparseKO-3,sub-SparseKO-3_ses-ymaze-day4-scan0-novel-arm-1_behavior+ophys.nwb
I:\AAA_PYTHON_REPOS_BACKUP\cytodendkeylock\data\dandi\raw\001710\sub-SparseKO-3\sub-SparseKO-3_ses-ymaze-day5-scan0-novel-arm-1_behavior+ophys.nwb,5,True,140,140,76,64,0,,False,vr_trial_info found but contained no parseable arm labels.,SparseKO,SparseKO-3,sub-SparseKO-3_ses-ymaze-day5-scan0-novel-arm-1_behavior+ophys.nwb
I:\AAA_PYTHON_REPOS_BACKUP\cytodendkeylock\data\dandi\raw\001710\sub-SparseKO-4\sub-SparseKO-4_ses-ymaze-day0-scan0-novel-arm-1_behavior+ophys.nwb,0,True,96,96,8,88,0,,False,vr_trial_info found but contained no parseable arm labels.,SparseKO,SparseKO-4,sub-SparseKO-4_ses-ymaze-day0-scan0-novel-arm-1_behavior+ophys.nwb
I:\AAA_PYTHON_REPOS_BACKUP\cytodendkeylock\data\dandi\raw\001710\sub-SparseKO-4\sub-SparseKO-4_ses-ymaze-day1-scan0-novel-arm-1_behavior+ophys.nwb,1,True,110,110,16,94,0,,False,vr_trial_info found but contained no parseable arm labels.,SparseKO,SparseKO-4,sub-SparseKO-4_ses-ymaze-day1-scan0-novel-arm-1_behavior+ophys.nwb
I:\AAA_PYTHON_REPOS_BACKUP\cytodendkeylock\data\dandi\raw\001710\sub-SparseKO-4\sub-SparseKO-4_ses-ymaze-day3-scan0-novel-arm-1_behavior+ophys.nwb,3,True,140,140,20,120,0,,False,vr_trial_info found but contained no parseable arm labels.,SparseKO,SparseKO-4,sub-SparseKO-4_ses-ymaze-day3-scan0-novel-arm-1_behavior+ophys.nwb
I:\AAA_PYTHON_REPOS_BACKUP\cytodendkeylock\data\dandi\raw\001710\sub-SparseKO-4\sub-SparseKO-4_ses-ymaze-day4-scan0-novel-arm-1_behavior+ophys.nwb,4,True,140,140,20,120,0,,False,vr_trial_info found but contained no parseable arm labels.,SparseKO,SparseKO-4,sub-SparseKO-4_ses-ymaze-day4-scan0-novel-arm-1_behavior+ophys.nwb
I:\AAA_PYTHON_REPOS_BACKUP\cytodendkeylock\data\dandi\raw\001710\sub-SparseKO-4\sub-SparseKO-4_ses-ymaze-day5-scan0-novel-arm-1_behavior+ophys.nwb,5,True,140,140,66,74,0,,False,vr_trial_info found but contained no parseable arm labels.,SparseKO,SparseKO-4,sub-SparseKO-4_ses-ymaze-day5-scan0-novel-arm-1_behavior+ophys.nwb
I:\AAA_PYTHON_REPOS_BACKUP\cytodendkeylock\data\dandi\raw\001710\sub-SparseKO-5\sub-SparseKO-5_ses-ymaze-day0-scan0-novel-arm1_behavior+ophys.nwb,0,True,127,127,109,18,0,,False,vr_trial_info found but contained no parseable arm labels.,SparseKO,SparseKO-5,sub-SparseKO-5_ses-ymaze-day0-scan0-novel-arm1_behavior+ophys.nwb
I:\AAA_PYTHON_REPOS_BACKUP\cytodendkeylock\data\dandi\raw\001710\sub-SparseKO-5\sub-SparseKO-5_ses-ymaze-day1-scan0-novel-arm1_behavior+ophys.nwb,1,True,137,137,118,19,0,,False,vr_trial_info found but contained no parseable arm labels.,SparseKO,SparseKO-5,sub-SparseKO-5_ses-ymaze-day1-scan0-novel-arm1_behavior+ophys.nwb
I:\AAA_PYTHON_REPOS_BACKUP\cytodendkeylock\data\dandi\raw\001710\sub-SparseKO-5\sub-SparseKO-5_ses-ymaze-day2-scan0-novel-arm1_behavior+ophys.nwb,2,True,140,140,121,19,0,,False,vr_trial_info found but contained no parseable arm labels.,SparseKO,SparseKO-5,sub-SparseKO-5_ses-ymaze-day2-scan0-novel-arm1_behavior+ophys.nwb
I:\AAA_PYTHON_REPOS_BACKUP\cytodendkeylock\data\dandi\raw\001710\sub-SparseKO-5\sub-SparseKO-5_ses-ymaze-day3-scan0-novel-arm1_behavior+ophys.nwb,3,True,137,137,119,18,0,,False,vr_trial_info found but contained no parseable arm labels.,SparseKO,SparseKO-5,sub-SparseKO-5_ses-ymaze-day3-scan0-novel-arm1_behavior+ophys.nwb
I:\AAA_PYTHON_REPOS_BACKUP\cytodendkeylock\data\dandi\raw\001710\sub-SparseKO-5\sub-SparseKO-5_ses-ymaze-day4-scan0-novel-arm1_behavior+ophys.nwb,4,True,134,134,117,17,0,,False,vr_trial_info found but contained no parseable arm labels.,SparseKO,SparseKO-5,sub-SparseKO-5_ses-ymaze-day4-scan0-novel-arm1_behavior+ophys.nwb
I:\AAA_PYTHON_REPOS_BACKUP\cytodendkeylock\data\dandi\raw\001710\sub-SparseKO-5\sub-SparseKO-5_ses-ymaze-day5-scan0-novel-arm1_behavior+ophys.nwb,5,True,119,119,61,58,0,,False,vr_trial_info found but contained no parseable arm labels.,SparseKO,SparseKO-5,sub-SparseKO-5_ses-ymaze-day5-scan0-novel-arm1_behavior+ophys.nwb
I:\AAA_PYTHON_REPOS_BACKUP\cytodendkeylock\data\dandi\raw\001710\sub-SparseKO-6\sub-SparseKO-6_ses-ymaze-day1-scan0-novel-arm-1_behavior+ophys.nwb,1,True,44,44,10,34,0,,False,vr_trial_info found but contained no parseable arm labels.,SparseKO,SparseKO-6,sub-SparseKO-6_ses-ymaze-day1-scan0-novel-arm-1_behavior+ophys.nwb
I:\AAA_PYTHON_REPOS_BACKUP\cytodendkeylock\data\dandi\raw\001710\sub-SparseKO-6\sub-SparseKO-6_ses-ymaze-day2-scan0-novel-arm-1_behavior+ophys.nwb,2,True,73,73,11,62,0,,False,vr_trial_info found but contained no parseable arm labels.,SparseKO,SparseKO-6,sub-SparseKO-6_ses-ymaze-day2-scan0-novel-arm-1_behavior+ophys.nwb
I:\AAA_PYTHON_REPOS_BACKUP\cytodendkeylock\data\dandi\raw\001710\sub-SparseKO-6\sub-SparseKO-6_ses-ymaze-day3-scan0-novel-arm-1_behavior+ophys.nwb,3,True,63,63,10,53,0,,False,vr_trial_info found but contained no parseable arm labels.,SparseKO,SparseKO-6,sub-SparseKO-6_ses-ymaze-day3-scan0-novel-arm-1_behavior+ophys.nwb
I:\AAA_PYTHON_REPOS_BACKUP\cytodendkeylock\data\dandi\raw\001710\sub-SparseKO-6\sub-SparseKO-6_ses-ymaze-day4-scan0-novel-arm-1_behavior+ophys.nwb,4,True,90,90,12,78,0,,False,vr_trial_info found but contained no parseable arm labels.,SparseKO,SparseKO-6,sub-SparseKO-6_ses-ymaze-day4-scan0-novel-arm-1_behavior+ophys.nwb
I:\AAA_PYTHON_REPOS_BACKUP\cytodendkeylock\data\dandi\raw\001710\sub-SparseKO-6\sub-SparseKO-6_ses-ymaze-day5-scan0-novel-arm-1_behavior+ophys.nwb,5,True,62,62,32,30,0,,False,vr_trial_info found but contained no parseable arm labels.,SparseKO,SparseKO-6,sub-SparseKO-6_ses-ymaze-day5-scan0-novel-arm-1_behavior+ophys.nwb
I:\AAA_PYTHON_REPOS_BACKUP\cytodendkeylock\data\dandi\raw\001710\sub-SparseKO-7\sub-SparseKO-7_ses-ymaze-day0-scan0-novel-arm1_behavior+ophys.nwb,0,True,140,140,121,19,0,,False,vr_trial_info found but contained no parseable arm labels.,SparseKO,SparseKO-7,sub-SparseKO-7_ses-ymaze-day0-scan0-novel-arm1_behavior+ophys.nwb
I:\AAA_PYTHON_REPOS_BACKUP\cytodendkeylock\data\dandi\raw\001710\sub-SparseKO-7\sub-SparseKO-7_ses-ymaze-day1-scan0-novel-arm1_behavior+ophys.nwb,1,True,140,140,122,18,0,,False,vr_trial_info found but contained no parseable arm labels.,SparseKO,SparseKO-7,sub-SparseKO-7_ses-ymaze-day1-scan0-novel-arm1_behavior+ophys.nwb
I:\AAA_PYTHON_REPOS_BACKUP\cytodendkeylock\data\dandi\raw\001710\sub-SparseKO-7\sub-SparseKO-7_ses-ymaze-day2-scan0-novel-arm1_behavior+ophys.nwb,2,True,140,140,120,20,0,,False,vr_trial_info found but contained no parseable arm labels.,SparseKO,SparseKO-7,sub-SparseKO-7_ses-ymaze-day2-scan0-novel-arm1_behavior+ophys.nwb
I:\AAA_PYTHON_REPOS_BACKUP\cytodendkeylock\data\dandi\raw\001710\sub-SparseKO-7\sub-SparseKO-7_ses-ymaze-day3-scan0-novel-arm1_behavior+ophys.nwb,3,True,140,140,120,20,0,,False,vr_trial_info found but contained no parseable arm labels.,SparseKO,SparseKO-7,sub-SparseKO-7_ses-ymaze-day3-scan0-novel-arm1_behavior+ophys.nwb
I:\AAA_PYTHON_REPOS_BACKUP\cytodendkeylock\data\dandi\raw\001710\sub-SparseKO-7\sub-SparseKO-7_ses-ymaze-day4-scan0-novel-arm1_behavior+ophys.nwb,4,True,140,140,121,19,0,,False,vr_trial_info found but contained no parseable arm labels.,SparseKO,SparseKO-7,sub-SparseKO-7_ses-ymaze-day4-scan0-novel-arm1_behavior+ophys.nwb
I:\AAA_PYTHON_REPOS_BACKUP\cytodendkeylock\data\dandi\raw\001710\sub-SparseKO-7\sub-SparseKO-7_ses-ymaze-day5-scan0-novel-arm1_behavior+ophys.nwb,5,True,140,140,69,71,0,,False,vr_trial_info found but contained no parseable arm labels.,SparseKO,SparseKO-7,sub-SparseKO-7_ses-ymaze-day5-scan0-novel-arm1_behavior+ophys.nwb
