group,subject_id,session,day,channel,n_rois,n_frames,n_valid_trials,n_left,n_right,arm_balance,split_half_median,n_qc_issues,used_in_cross_day
Cre,Cre-1,sub-Cre-1_ses-ymaze-day0-scan0-novel-arm-1_behavior+ophys.nwb,0,single,904,29954,124,22,102,4.64,0.949,1,True
Cre,Cre-1,sub-Cre-1_ses-ymaze-day1-scan0-novel-arm-1_behavior+ophys.nwb,1,single,520,38344,124,16,108,6.75,0.964,1,True
Cre,Cre-1,sub-Cre-1_ses-ymaze-day2-scan0-novel-arm-1_behavior+ophys.nwb,2,single,797,36648,136,20,116,5.8,0.971,1,True
Cre,Cre-1,sub-Cre-1_ses-ymaze-day3-scan0-novel-arm-1_behavior+ophys.nwb,3,single,689,37853,139,20,119,5.95,0.975,1,True
Cre,Cre-1,sub-Cre-1_ses-ymaze-day4-scan0-novel-arm-1_behavior+ophys.nwb,4,single,664,34900,140,21,119,5.67,0.976,1,True
Cre,Cre-1,sub-Cre-1_ses-ymaze-day5-scan0-novel-arm-1_behavior+ophys.nwb,5,single,771,37662,139,68,71,1.04,0.974,0,True
Cre,Cre-2,sub-Cre-2_ses-ymaze-day0-scan0-novel-arm1_behavior+ophys.nwb,0,single,288,33472,139,121,18,6.72,0.968,1,True
Cre,Cre-2,sub-Cre-2_ses-ymaze-day1-scan0-novel-arm1_behavior+ophys.nwb,1,single,441,38188,124,109,15,7.27,0.974,1,True
Cre,Cre-2,sub-Cre-2_ses-ymaze-day2-scan0-novel-arm1_behavior+ophys.nwb,2,single,388,38181,109,100,9,11.11,0.979,1,True
Cre,Cre-2,sub-Cre-2_ses-ymaze-day3-scan0-novel-arm1_behavior+ophys.nwb,3,single,353,38151,84,77,7,11.0,0.978,1,True
Cre,Cre-2,sub-Cre-2_ses-ymaze-day4-scan0-novel-arm1_behavior+ophys.nwb,4,single,250,38420,117,102,15,6.8,0.986,1,True
Cre,Cre-2,sub-Cre-2_ses-ymaze-day5-scan0-novel-arm1_behavior+ophys.nwb,5,single,333,37676,133,71,62,1.15,0.984,0,True
Cre,Cre-3,sub-Cre-3_ses-ymaze-day0-scan0-novel-arm-1_behavior+ophys.nwb,0,single,936,38810,102,17,85,5.0,0.969,1,True
Cre,Cre-3,sub-Cre-3_ses-ymaze-day1-scan0-novel-arm-1_behavior+ophys.nwb,1,single,1258,38592,96,15,81,5.4,0.975,1,True
Cre,Cre-3,sub-Cre-3_ses-ymaze-day2-scan0-novel-arm-1_behavior+ophys.nwb,2,single,1444,38634,77,7,70,10.0,0.976,1,True
Cre,Cre-3,sub-Cre-3_ses-ymaze-day3-scan0-novel-arm-1_behavior+ophys.nwb,3,single,1233,38676,92,14,78,5.57,0.979,1,True
Cre,Cre-3,sub-Cre-3_ses-ymaze-day4-scan0-novel-arm-1_behavior+ophys.nwb,4,single,1087,38301,93,11,82,7.45,0.977,1,True
Cre,Cre-3,sub-Cre-3_ses-ymaze-day5-scan0-novel-arm-1_behavior+ophys.nwb,5,single,1115,38928,78,38,40,1.05,0.975,0,True
Cre,Cre-4,sub-Cre-4_ses-ymaze-day0-scan0-novel-arm1_behavior+ophys.nwb,0,single,1148,38708,125,108,17,6.35,0.958,1,True
Cre,Cre-4,sub-Cre-4_ses-ymaze-day1-scan0-novel-arm1_behavior+ophys.nwb,1,single,1505,38081,120,102,18,5.67,0.97,1,True
Cre,Cre-4,sub-Cre-4_ses-ymaze-day2-scan0-novel-arm1_behavior+ophys.nwb,2,single,1346,38319,122,103,19,5.42,0.975,1,True
Cre,Cre-4,sub-Cre-4_ses-ymaze-day3-scan0-novel-arm1_behavior+ophys.nwb,3,single,1389,37216,136,119,17,7.0,0.973,1,True
Cre,Cre-4,sub-Cre-4_ses-ymaze-day4-scan0-novel-arm1_behavior+ophys.nwb,4,single,1154,37696,125,107,18,5.94,0.971,1,True
Cre,Cre-4,sub-Cre-4_ses-ymaze-day5-scan0-novel-arm1_behavior+ophys.nwb,5,single,1223,37866,111,56,55,1.02,0.974,0,True
Cre,Cre-5,sub-Cre-5_ses-ymaze-day0-scan0-novel-arm-1_behavior+ophys.nwb,0,single,1578,39204,55,7,48,6.86,0.973,1,True
Cre,Cre-5,sub-Cre-5_ses-ymaze-day1-scan0-novel-arm-1_behavior+ophys.nwb,1,single,1554,39641,64,6,58,9.67,0.975,1,True
Cre,Cre-5,sub-Cre-5_ses-ymaze-day2-scan0-novel-arm-1_behavior+ophys.nwb,2,single,1535,40733,45,7,38,5.43,0.97,1,True
Cre,Cre-5,sub-Cre-5_ses-ymaze-day3-scan0-novel-arm-1_behavior+ophys.nwb,3,single,1649,39457,59,10,49,4.9,0.979,1,True
Cre,Cre-5,sub-Cre-5_ses-ymaze-day4-scan0-novel-arm-1_behavior+ophys.nwb,4,single,1436,42197,38,6,32,5.33,0.973,1,True
Cre,Cre-5,sub-Cre-5_ses-ymaze-day5-scan0-novel-arm-1_behavior+ophys.nwb,5,single,1840,39412,74,38,36,1.06,0.972,0,True
Cre,Cre-6,sub-Cre-6_ses-ymaze-day0-scan0-novel-arm-1_behavior+ophys.nwb,0,single,973,35052,139,19,120,6.32,0.954,1,True
Cre,Cre-6,sub-Cre-6_ses-ymaze-day1-scan0-novel-arm-1_behavior+ophys.nwb,1,single,1051,37965,127,19,108,5.68,0.974,1,True
Cre,Cre-6,sub-Cre-6_ses-ymaze-day2-scan0-novel-arm-1_behavior+ophys.nwb,2,single,1181,36993,131,21,110,5.24,0.969,1,True
Cre,Cre-6,sub-Cre-6_ses-ymaze-day3-scan0-novel-arm-1_behavior+ophys.nwb,3,single,935,37080,136,21,115,5.48,0.977,1,True
Cre,Cre-6,sub-Cre-6_ses-ymaze-day4-scan0-novel-arm-1_behavior+ophys.nwb,4,single,908,40122,58,7,51,7.29,0.968,1,True
Cre,Cre-6,sub-Cre-6_ses-ymaze-day5-scan0-novel-arm-1_behavior+ophys.nwb,5,single,894,38161,108,58,50,1.16,0.973,0,True
Cre,Cre-7,sub-Cre-7_ses-ymaze-day0-scan0-novel-arm1_behavior+ophys.nwb,0,single,1050,35581,134,116,18,6.44,0.96,1,True
Cre,Cre-7,sub-Cre-7_ses-ymaze-day1-scan0-novel-arm1_behavior+ophys.nwb,1,single,1088,36911,133,117,16,7.31,0.97,1,True
Cre,Cre-7,sub-Cre-7_ses-ymaze-day2-scan0-novel-arm1_behavior+ophys.nwb,2,single,1044,38410,114,104,10,10.4,0.975,1,True
Cre,Cre-7,sub-Cre-7_ses-ymaze-day4-scan0-novel-arm1_behavior+ophys.nwb,4,single,995,39757,64,58,6,9.67,0.963,1,True
Cre,Cre-7,sub-Cre-7_ses-ymaze-day5-scan0-novel-arm1_behavior+ophys.nwb,5,single,996,38403,106,53,53,1.0,0.963,0,True
Ctrl,Ctrl-1,sub-Ctrl-1_ses-ymaze-day0-scan0-novel-arm-1_behavior+ophys.nwb,0,single,1381,34310,139,19,120,6.32,0.934,1,True
Ctrl,Ctrl-1,sub-Ctrl-1_ses-ymaze-day1-scan0-novel-arm-1_behavior+ophys.nwb,1,single,1093,30330,140,21,119,5.67,0.969,1,True
Ctrl,Ctrl-1,sub-Ctrl-1_ses-ymaze-day2-scan0-novel-arm-1_behavior+ophys.nwb,2,single,972,31880,140,21,119,5.67,0.981,1,True
Ctrl,Ctrl-1,sub-Ctrl-1_ses-ymaze-day3-scan0-novel-arm-1_behavior+ophys.nwb,3,single,1068,30523,140,19,121,6.37,0.98,1,True
Ctrl,Ctrl-1,sub-Ctrl-1_ses-ymaze-day4-scan0-novel-arm-1_behavior+ophys.nwb,4,single,962,34327,139,21,118,5.62,0.983,1,True
Ctrl,Ctrl-1,sub-Ctrl-1_ses-ymaze-day5-scan0-novel-arm-1_behavior+ophys.nwb,5,single,1370,33797,140,76,64,1.19,0.984,0,True
Ctrl,Ctrl-2,sub-Ctrl-2_ses-ymaze-day1-scan0-novel-arm1_behavior+ophys.nwb,1,single,1170,29270,140,121,19,6.37,0.92,1,True
Ctrl,Ctrl-2,sub-Ctrl-2_ses-ymaze-day3-scan0-novel-arm1_behavior+ophys.nwb,3,single,1048,3633,20,20,0,,0.817,0,True
Ctrl,Ctrl-2,sub-Ctrl-2_ses-ymaze-day3-scan1-novel-arm1_behavior+ophys.nwb,3,single,1048,23862,120,101,19,5.32,0.948,1,True
Ctrl,Ctrl-2,sub-Ctrl-2_ses-ymaze-day4-scan0-novel-arm1_behavior+ophys.nwb,4,single,1033,35167,140,121,19,6.37,0.964,1,True
Ctrl,Ctrl-2,sub-Ctrl-2_ses-ymaze-day5-scan0-novel-arm1_behavior+ophys.nwb,5,single,982,26724,140,70,70,1.0,0.959,0,True
Ctrl,Ctrl-3,sub-Ctrl-3_ses-ymaze-day0-scan0-novel-arm-1_behavior+ophys.nwb,0,single,1568,34154,138,20,118,5.9,0.956,1,True
Ctrl,Ctrl-3,sub-Ctrl-3_ses-ymaze-day1-scan0-novel-arm-1_behavior+ophys.nwb,1,single,1422,37689,128,16,112,7.0,0.978,1,True
Ctrl,Ctrl-3,sub-Ctrl-3_ses-ymaze-day2-scan0-novel-arm-1_behavior+ophys.nwb,2,single,1155,35533,139,20,119,5.95,0.978,1,True
Ctrl,Ctrl-3,sub-Ctrl-3_ses-ymaze-day3-scan0-novel-arm-1_behavior+ophys.nwb,3,single,1046,32239,140,20,120,6.0,0.976,1,True
Ctrl,Ctrl-3,sub-Ctrl-3_ses-ymaze-day4-scan0-novel-arm-1_behavior+ophys.nwb,4,single,1208,30325,140,20,120,6.0,0.972,1,True
Ctrl,Ctrl-3,sub-Ctrl-3_ses-ymaze-day5-scan0-novel-arm-1_behavior+ophys.nwb,5,single,1242,29019,140,77,63,1.22,0.978,0,True
Ctrl,Ctrl-4,sub-Ctrl-4_ses-ymaze-day0-scan0-novel-arm1_behavior+ophys.nwb,0,single,1694,22651,100,81,19,4.26,0.926,1,True
Ctrl,Ctrl-4,sub-Ctrl-4_ses-ymaze-day1-scan0-novel-arm1_behavior+ophys.nwb,1,single,1453,10164,36,36,0,,0.956,0,True
Ctrl,Ctrl-4,sub-Ctrl-4_ses-ymaze-day1-scan1-novel-arm1_behavior+ophys.nwb,1,single,1487,23026,100,82,18,4.56,0.943,1,True
Ctrl,Ctrl-4,sub-Ctrl-4_ses-ymaze-day3-scan0-novel-arm1_behavior+ophys.nwb,3,single,1684,31538,140,121,19,6.37,0.949,1,True
Ctrl,Ctrl-4,sub-Ctrl-4_ses-ymaze-day4-scan0-novel-arm1_behavior+ophys.nwb,4,single,1509,33460,139,120,19,6.32,0.965,1,True
Ctrl,Ctrl-4,sub-Ctrl-4_ses-ymaze-day5-scan0-novel-arm1_behavior+ophys.nwb,5,single,1586,35784,139,75,64,1.17,0.965,0,True
Ctrl,Ctrl-5,sub-Ctrl-5_ses-ymaze-day0-scan0-novel-arm-1_behavior+ophys.nwb,0,single,1554,33681,140,19,121,6.37,0.953,1,True
Ctrl,Ctrl-5,sub-Ctrl-5_ses-ymaze-day1-scan0-novel-arm-1_behavior+ophys.nwb,1,single,1450,29796,140,19,121,6.37,0.955,1,True
Ctrl,Ctrl-5,sub-Ctrl-5_ses-ymaze-day2-scan0-novel-arm-1_behavior+ophys.nwb,2,single,1447,29936,140,21,119,5.67,0.965,1,True
Ctrl,Ctrl-5,sub-Ctrl-5_ses-ymaze-day3-scan0-novel-arm-1_behavior+ophys.nwb,3,single,1467,29451,140,19,121,6.37,0.966,1,True
Ctrl,Ctrl-5,sub-Ctrl-5_ses-ymaze-day4-scan0-novel-arm-1_behavior+ophys.nwb,4,single,1354,28380,140,21,119,5.67,0.972,1,True
Ctrl,Ctrl-5,sub-Ctrl-5_ses-ymaze-day5-scan0-novel-arm-1_behavior+ophys.nwb,5,single,1428,29194,140,70,70,1.0,0.968,0,True
Ctrl,Ctrl-6,sub-Ctrl-6_ses-ymaze-day0-scan0-novel-arm1_behavior+ophys.nwb,0,single,1030,26806,140,120,20,6.0,0.913,1,True
Ctrl,Ctrl-6,sub-Ctrl-6_ses-ymaze-day1-scan0-novel-arm1_behavior+ophys.nwb,1,single,799,26944,140,120,20,6.0,0.953,1,True
Ctrl,Ctrl-6,sub-Ctrl-6_ses-ymaze-day2-scan0-novel-arm1_behavior+ophys.nwb,2,single,961,29464,140,122,18,6.78,0.969,1,True
Ctrl,Ctrl-6,sub-Ctrl-6_ses-ymaze-day3-scan0-novel-arm1_behavior+ophys.nwb,3,single,985,29874,140,121,19,6.37,0.968,1,True
Ctrl,Ctrl-6,sub-Ctrl-6_ses-ymaze-day4-scan0-novel-arm1_behavior+ophys.nwb,4,single,965,28707,140,122,18,6.78,0.97,1,True
Ctrl,Ctrl-6,sub-Ctrl-6_ses-ymaze-day5-scan0-novel-arm1_behavior+ophys.nwb,5,single,1079,30048,140,83,57,1.46,0.969,0,True
Ctrl,Ctrl-7,sub-Ctrl-7_ses-ymaze-day0-scan0-novel-arm-1_behavior+ophys.nwb,0,single,909,27982,140,20,120,6.0,0.911,1,True
Ctrl,Ctrl-7,sub-Ctrl-7_ses-ymaze-day1-scan0-novel-arm-1_behavior+ophys.nwb,1,single,873,28249,140,20,120,6.0,0.945,1,True
Ctrl,Ctrl-7,sub-Ctrl-7_ses-ymaze-day2-scan0-novel-arm-1_behavior+ophys.nwb,2,single,781,30037,140,20,120,6.0,0.96,1,True
Ctrl,Ctrl-7,sub-Ctrl-7_ses-ymaze-day3-scan0-novel-arm-1_behavior+ophys.nwb,3,single,858,31650,140,20,120,6.0,0.968,1,True
Ctrl,Ctrl-7,sub-Ctrl-7_ses-ymaze-day4-scan0-novel-arm-1_behavior+ophys.nwb,4,single,820,30384,140,19,121,6.37,0.962,1,True
Ctrl,Ctrl-7,sub-Ctrl-7_ses-ymaze-day5-scan0-novel-arm-1_behavior+ophys.nwb,5,single,861,28751,140,65,75,1.15,0.974,0,True
Ctrl,Ctrl-8,sub-Ctrl-8_ses-ymaze-day0-scan0-novel-arm1_behavior+ophys.nwb,0,single,639,31047,140,122,18,6.78,0.966,1,True
Ctrl,Ctrl-8,sub-Ctrl-8_ses-ymaze-day1-scan0-novel-arm1_behavior+ophys.nwb,1,single,740,31551,140,121,19,6.37,0.962,1,True
Ctrl,Ctrl-8,sub-Ctrl-8_ses-ymaze-day2-scan0-novel-arm1_behavior+ophys.nwb,2,single,1030,34740,140,121,19,6.37,0.973,1,True
Ctrl,Ctrl-8,sub-Ctrl-8_ses-ymaze-day3-scan0-novel-arm1_behavior+ophys.nwb,3,single,736,34602,138,120,18,6.67,0.98,1,True
Ctrl,Ctrl-8,sub-Ctrl-8_ses-ymaze-day4-scan0-novel-arm1_behavior+ophys.nwb,4,single,808,30227,140,122,18,6.78,0.974,1,True
Ctrl,Ctrl-8,sub-Ctrl-8_ses-ymaze-day5-scan0-novel-arm1_behavior+ophys.nwb,5,single,730,32474,140,76,64,1.19,0.977,0,True
Ctrl,Ctrl-9,sub-Ctrl-9_ses-ymaze-day0-scan0-novel-arm-1_behavior+ophys.nwb,0,single,977,26342,140,21,119,5.67,0.929,1,True
Ctrl,Ctrl-9,sub-Ctrl-9_ses-ymaze-day1-scan0-novel-arm-1_behavior+ophys.nwb,1,single,1038,24211,140,19,121,6.37,0.931,1,True
Ctrl,Ctrl-9,sub-Ctrl-9_ses-ymaze-day2-scan0-novel-arm-1_behavior+ophys.nwb,2,single,996,28017,140,20,120,6.0,0.96,1,True
Ctrl,Ctrl-9,sub-Ctrl-9_ses-ymaze-day3-scan0-novel-arm-1_behavior+ophys.nwb,3,single,958,25392,140,20,120,6.0,0.948,1,True
Ctrl,Ctrl-9,sub-Ctrl-9_ses-ymaze-day4-scan0-novel-arm-1_behavior+ophys.nwb,4,single,896,24050,140,20,120,6.0,0.944,1,True
Ctrl,Ctrl-9,sub-Ctrl-9_ses-ymaze-day5-scan0-novel-arm-1_behavior+ophys.nwb,5,single,942,28320,140,81,59,1.37,0.954,0,True
SparseKO,SparseKO-1,sub-SparseKO-1_ses-ymaze-day0-scan0-novel-arm-1_behavior+ophys.nwb,0,ch0,318,38949,66,10,56,5.6,0.972,1,True
SparseKO,SparseKO-1,sub-SparseKO-1_ses-ymaze-day0-scan0-novel-arm-1_behavior+ophys.nwb,0,ch1,70,38949,66,10,56,5.6,0.985,1,True
SparseKO,SparseKO-1,sub-SparseKO-1_ses-ymaze-day1-scan0-novel-arm-1_behavior+ophys.nwb,1,ch0,201,38523,93,14,79,5.64,0.979,1,True
SparseKO,SparseKO-1,sub-SparseKO-1_ses-ymaze-day1-scan0-novel-arm-1_behavior+ophys.nwb,1,ch1,98,38523,93,14,79,5.64,0.986,1,True
SparseKO,SparseKO-1,sub-SparseKO-1_ses-ymaze-day2-scan0-novel-arm-1_behavior+ophys.nwb,2,ch0,287,38064,105,16,89,5.56,0.976,1,True
SparseKO,SparseKO-1,sub-SparseKO-1_ses-ymaze-day2-scan0-novel-arm-1_behavior+ophys.nwb,2,ch1,103,38064,105,16,89,5.56,0.978,1,True
SparseKO,SparseKO-1,sub-SparseKO-1_ses-ymaze-day3-scan0-novel-arm-1_behavior+ophys.nwb,3,ch0,182,37762,113,17,96,5.65,0.98,1,True
SparseKO,SparseKO-1,sub-SparseKO-1_ses-ymaze-day3-scan0-novel-arm-1_behavior+ophys.nwb,3,ch1,59,37762,113,17,96,5.65,0.981,1,True
SparseKO,SparseKO-1,sub-SparseKO-1_ses-ymaze-day4-scan0-novel-arm-1_behavior+ophys.nwb,4,ch0,219,38342,109,14,95,6.79,0.979,1,True
SparseKO,SparseKO-1,sub-SparseKO-1_ses-ymaze-day4-scan0-novel-arm-1_behavior+ophys.nwb,4,ch1,51,38342,109,14,95,6.79,0.992,1,True
SparseKO,SparseKO-1,sub-SparseKO-1_ses-ymaze-day5-scan0-novel-arm-1_behavior+ophys.nwb,5,ch0,231,38152,105,56,49,1.14,0.978,0,True
SparseKO,SparseKO-1,sub-SparseKO-1_ses-ymaze-day5-scan0-novel-arm-1_behavior+ophys.nwb,5,ch1,83,38152,105,56,49,1.14,0.987,0,True
SparseKO,SparseKO-2,sub-SparseKO-2_ses-ymaze-day0-scan0-novel-arm1_behavior+ophys.nwb,0,ch0,257,38088,132,115,17,6.76,0.956,1,True
SparseKO,SparseKO-2,sub-SparseKO-2_ses-ymaze-day0-scan0-novel-arm1_behavior+ophys.nwb,0,ch1,60,38088,132,115,17,6.76,0.98,1,True
SparseKO,SparseKO-2,sub-SparseKO-2_ses-ymaze-day1-scan0-novel-arm1_behavior+ophys.nwb,1,ch0,268,37738,122,105,17,6.18,0.964,1,True
SparseKO,SparseKO-2,sub-SparseKO-2_ses-ymaze-day1-scan0-novel-arm1_behavior+ophys.nwb,1,ch1,72,37738,122,105,17,6.18,0.978,1,True
SparseKO,SparseKO-2,sub-SparseKO-2_ses-ymaze-day2-scan0-novel-arm1_behavior+ophys.nwb,2,ch0,249,36578,125,107,18,5.94,0.966,1,True
SparseKO,SparseKO-2,sub-SparseKO-2_ses-ymaze-day2-scan0-novel-arm1_behavior+ophys.nwb,2,ch1,63,36578,125,107,18,5.94,0.979,1,True
SparseKO,SparseKO-2,sub-SparseKO-2_ses-ymaze-day3-scan0-novel-arm1_behavior+ophys.nwb,3,ch0,219,34869,135,116,19,6.11,0.971,1,True
SparseKO,SparseKO-2,sub-SparseKO-2_ses-ymaze-day3-scan0-novel-arm1_behavior+ophys.nwb,3,ch1,52,34869,135,116,19,6.11,0.977,1,True
SparseKO,SparseKO-2,sub-SparseKO-2_ses-ymaze-day4-scan0-novel-arm1_behavior+ophys.nwb,4,ch0,280,37266,119,101,18,5.61,0.976,1,True
SparseKO,SparseKO-2,sub-SparseKO-2_ses-ymaze-day4-scan0-novel-arm1_behavior+ophys.nwb,4,ch1,31,37266,119,101,18,5.61,0.986,1,True
SparseKO,SparseKO-2,sub-SparseKO-2_ses-ymaze-day5-scan0-novel-arm1_behavior+ophys.nwb,5,ch0,216,37954,134,67,67,1.0,0.966,0,True
SparseKO,SparseKO-2,sub-SparseKO-2_ses-ymaze-day5-scan0-novel-arm1_behavior+ophys.nwb,5,ch1,64,37954,134,67,67,1.0,0.975,0,True
SparseKO,SparseKO-3,sub-SparseKO-3_ses-ymaze-day0-scan0-novel-arm-1_behavior+ophys.nwb,0,ch0,281,33542,140,20,120,6.0,0.964,1,True
SparseKO,SparseKO-3,sub-SparseKO-3_ses-ymaze-day0-scan0-novel-arm-1_behavior+ophys.nwb,0,ch1,121,33542,140,20,120,6.0,0.978,1,True
SparseKO,SparseKO-3,sub-SparseKO-3_ses-ymaze-day1-scan0-novel-arm-1_behavior+ophys.nwb,1,ch0,397,38016,117,18,99,5.5,0.973,1,True
SparseKO,SparseKO-3,sub-SparseKO-3_ses-ymaze-day1-scan0-novel-arm-1_behavior+ophys.nwb,1,ch1,174,38016,117,18,99,5.5,0.98,1,True
SparseKO,SparseKO-3,sub-SparseKO-3_ses-ymaze-day2-scan0-novel-arm-1_behavior+ophys.nwb,2,ch0,309,33869,140,20,120,6.0,0.962,1,True
SparseKO,SparseKO-3,sub-SparseKO-3_ses-ymaze-day2-scan0-novel-arm-1_behavior+ophys.nwb,2,ch1,146,33869,140,20,120,6.0,0.982,1,True
SparseKO,SparseKO-3,sub-SparseKO-3_ses-ymaze-day3-scan0-novel-arm-1_behavior+ophys.nwb,3,ch0,290,34192,140,21,119,5.67,0.974,1,True
SparseKO,SparseKO-3,sub-SparseKO-3_ses-ymaze-day3-scan0-novel-arm-1_behavior+ophys.nwb,3,ch1,167,34192,140,21,119,5.67,0.981,1,True
SparseKO,SparseKO-3,sub-SparseKO-3_ses-ymaze-day4-scan0-novel-arm-1_behavior+ophys.nwb,4,ch0,303,33827,140,20,120,6.0,0.966,1,True
SparseKO,SparseKO-3,sub-SparseKO-3_ses-ymaze-day4-scan0-novel-arm-1_behavior+ophys.nwb,4,ch1,100,33827,140,20,120,6.0,0.985,1,True
SparseKO,SparseKO-3,sub-SparseKO-3_ses-ymaze-day5-scan0-novel-arm-1_behavior+ophys.nwb,5,ch0,240,30769,140,76,64,1.19,0.963,0,True
SparseKO,SparseKO-3,sub-SparseKO-3_ses-ymaze-day5-scan0-novel-arm-1_behavior+ophys.nwb,5,ch1,181,30769,140,76,64,1.19,0.973,0,True
SparseKO,SparseKO-4,sub-SparseKO-4_ses-ymaze-day0-scan0-novel-arm-1_behavior+ophys.nwb,0,ch0,359,38115,96,8,88,11.0,0.939,1,True
SparseKO,SparseKO-4,sub-SparseKO-4_ses-ymaze-day0-scan0-novel-arm-1_behavior+ophys.nwb,0,ch1,148,38114,96,8,88,11.0,0.97,1,True
SparseKO,SparseKO-4,sub-SparseKO-4_ses-ymaze-day1-scan0-novel-arm-1_behavior+ophys.nwb,1,ch0,265,38187,110,16,94,5.88,0.975,1,True
SparseKO,SparseKO-4,sub-SparseKO-4_ses-ymaze-day1-scan0-novel-arm-1_behavior+ophys.nwb,1,ch1,80,38186,110,16,94,5.88,0.988,1,True
SparseKO,SparseKO-4,sub-SparseKO-4_ses-ymaze-day3-scan0-novel-arm-1_behavior+ophys.nwb,3,ch0,264,34617,140,20,120,6.0,0.961,1,True
SparseKO,SparseKO-4,sub-SparseKO-4_ses-ymaze-day3-scan0-novel-arm-1_behavior+ophys.nwb,3,ch1,128,34617,140,20,120,6.0,0.974,1,True
SparseKO,SparseKO-4,sub-SparseKO-4_ses-ymaze-day4-scan0-novel-arm-1_behavior+ophys.nwb,4,ch0,207,33870,140,20,120,6.0,0.927,1,True
SparseKO,SparseKO-4,sub-SparseKO-4_ses-ymaze-day4-scan0-novel-arm-1_behavior+ophys.nwb,4,ch1,103,33870,140,20,120,6.0,0.976,1,True
SparseKO,SparseKO-4,sub-SparseKO-4_ses-ymaze-day5-scan0-novel-arm-1_behavior+ophys.nwb,5,ch0,205,32245,140,66,74,1.12,0.952,0,True
SparseKO,SparseKO-4,sub-SparseKO-4_ses-ymaze-day5-scan0-novel-arm-1_behavior+ophys.nwb,5,ch1,76,32245,140,66,74,1.12,0.976,0,True
SparseKO,SparseKO-5,sub-SparseKO-5_ses-ymaze-day0-scan0-novel-arm1_behavior+ophys.nwb,0,ch0,243,34595,127,109,18,6.06,0.966,1,True
SparseKO,SparseKO-5,sub-SparseKO-5_ses-ymaze-day0-scan0-novel-arm1_behavior+ophys.nwb,0,ch1,123,34595,127,109,18,6.06,0.971,1,True
SparseKO,SparseKO-5,sub-SparseKO-5_ses-ymaze-day1-scan0-novel-arm1_behavior+ophys.nwb,1,ch0,209,33921,137,118,19,6.21,0.975,1,True
SparseKO,SparseKO-5,sub-SparseKO-5_ses-ymaze-day1-scan0-novel-arm1_behavior+ophys.nwb,1,ch1,120,33921,137,118,19,6.21,0.975,1,True
SparseKO,SparseKO-5,sub-SparseKO-5_ses-ymaze-day2-scan0-novel-arm1_behavior+ophys.nwb,2,ch0,140,34267,140,121,19,6.37,0.974,1,True
SparseKO,SparseKO-5,sub-SparseKO-5_ses-ymaze-day2-scan0-novel-arm1_behavior+ophys.nwb,2,ch1,119,34267,140,121,19,6.37,0.976,1,True
SparseKO,SparseKO-5,sub-SparseKO-5_ses-ymaze-day3-scan0-novel-arm1_behavior+ophys.nwb,3,ch0,177,36465,137,119,18,6.61,0.975,1,True
SparseKO,SparseKO-5,sub-SparseKO-5_ses-ymaze-day3-scan0-novel-arm1_behavior+ophys.nwb,3,ch1,136,36465,137,119,18,6.61,0.978,1,True
SparseKO,SparseKO-5,sub-SparseKO-5_ses-ymaze-day4-scan0-novel-arm1_behavior+ophys.nwb,4,ch0,155,36142,134,117,17,6.88,0.973,1,True
SparseKO,SparseKO-5,sub-SparseKO-5_ses-ymaze-day4-scan0-novel-arm1_behavior+ophys.nwb,4,ch1,134,36142,134,117,17,6.88,0.982,1,True
SparseKO,SparseKO-5,sub-SparseKO-5_ses-ymaze-day5-scan0-novel-arm1_behavior+ophys.nwb,5,ch0,195,37908,119,61,58,1.05,0.967,0,True
SparseKO,SparseKO-5,sub-SparseKO-5_ses-ymaze-day5-scan0-novel-arm1_behavior+ophys.nwb,5,ch1,107,37908,119,61,58,1.05,0.986,0,True
SparseKO,SparseKO-6,sub-SparseKO-6_ses-ymaze-day1-scan0-novel-arm-1_behavior+ophys.nwb,1,ch0,390,38950,44,10,34,3.4,0.961,0,True
SparseKO,SparseKO-6,sub-SparseKO-6_ses-ymaze-day1-scan0-novel-arm-1_behavior+ophys.nwb,1,ch1,142,38950,44,10,34,3.4,0.971,0,True
SparseKO,SparseKO-6,sub-SparseKO-6_ses-ymaze-day2-scan0-novel-arm-1_behavior+ophys.nwb,2,ch0,417,38889,73,11,62,5.64,0.978,1,True
SparseKO,SparseKO-6,sub-SparseKO-6_ses-ymaze-day2-scan0-novel-arm-1_behavior+ophys.nwb,2,ch1,95,38889,73,11,62,5.64,0.981,1,True
SparseKO,SparseKO-6,sub-SparseKO-6_ses-ymaze-day3-scan0-novel-arm-1_behavior+ophys.nwb,3,ch0,444,38973,63,10,53,5.3,0.976,1,True
SparseKO,SparseKO-6,sub-SparseKO-6_ses-ymaze-day3-scan0-novel-arm-1_behavior+ophys.nwb,3,ch1,122,38973,63,10,53,5.3,0.984,1,True
SparseKO,SparseKO-6,sub-SparseKO-6_ses-ymaze-day4-scan0-novel-arm-1_behavior+ophys.nwb,4,ch0,504,38013,90,12,78,6.5,0.973,1,True
SparseKO,SparseKO-6,sub-SparseKO-6_ses-ymaze-day4-scan0-novel-arm-1_behavior+ophys.nwb,4,ch1,199,38013,90,12,78,6.5,0.982,1,True
SparseKO,SparseKO-6,sub-SparseKO-6_ses-ymaze-day5-scan0-novel-arm-1_behavior+ophys.nwb,5,ch0,380,38966,62,32,30,1.07,0.972,0,True
SparseKO,SparseKO-6,sub-SparseKO-6_ses-ymaze-day5-scan0-novel-arm-1_behavior+ophys.nwb,5,ch1,121,38966,62,32,30,1.07,0.988,0,True
SparseKO,SparseKO-7,sub-SparseKO-7_ses-ymaze-day0-scan0-novel-arm1_behavior+ophys.nwb,0,ch0,284,30075,140,121,19,6.37,0.947,1,True
SparseKO,SparseKO-7,sub-SparseKO-7_ses-ymaze-day0-scan0-novel-arm1_behavior+ophys.nwb,0,ch1,118,30075,140,121,19,6.37,0.972,1,True
SparseKO,SparseKO-7,sub-SparseKO-7_ses-ymaze-day1-scan0-novel-arm1_behavior+ophys.nwb,1,ch0,224,22784,140,122,18,6.78,0.884,1,True
SparseKO,SparseKO-7,sub-SparseKO-7_ses-ymaze-day1-scan0-novel-arm1_behavior+ophys.nwb,1,ch1,138,22784,140,122,18,6.78,0.952,1,True
SparseKO,SparseKO-7,sub-SparseKO-7_ses-ymaze-day2-scan0-novel-arm1_behavior+ophys.nwb,2,ch0,252,22388,140,120,20,6.0,0.916,1,True
SparseKO,SparseKO-7,sub-SparseKO-7_ses-ymaze-day2-scan0-novel-arm1_behavior+ophys.nwb,2,ch1,77,22388,140,120,20,6.0,0.963,1,True
SparseKO,SparseKO-7,sub-SparseKO-7_ses-ymaze-day3-scan0-novel-arm1_behavior+ophys.nwb,3,ch0,210,22810,140,120,20,6.0,0.934,1,True
SparseKO,SparseKO-7,sub-SparseKO-7_ses-ymaze-day3-scan0-novel-arm1_behavior+ophys.nwb,3,ch1,66,22810,140,120,20,6.0,0.96,1,True
SparseKO,SparseKO-7,sub-SparseKO-7_ses-ymaze-day4-scan0-novel-arm1_behavior+ophys.nwb,4,ch0,186,22468,140,121,19,6.37,0.923,1,True
SparseKO,SparseKO-7,sub-SparseKO-7_ses-ymaze-day4-scan0-novel-arm1_behavior+ophys.nwb,4,ch1,81,22468,140,121,19,6.37,0.951,1,True
SparseKO,SparseKO-7,sub-SparseKO-7_ses-ymaze-day5-scan0-novel-arm1_behavior+ophys.nwb,5,ch0,217,23216,140,69,71,1.03,0.91,0,True
SparseKO,SparseKO-7,sub-SparseKO-7_ses-ymaze-day5-scan0-novel-arm1_behavior+ophys.nwb,5,ch1,71,23216,140,69,71,1.03,0.953,0,True
